image_path,true_class,predicted_class,confidence,error_type,reason_for_review
C:\cts\Efficientnet\Leafcare-model\data\test\peach___healthy\b35019c6-ba6a-4d0b-a80f-fa07f9118db6___Rutg._HL 3660.JPG,peach___healthy,peach___bacterial_spot,0.999238133430481,C. Healthy vs Diseased,Extremely high confidence misclassification (99.9%) — inspect for label noise or severe lesion ambiguity
C:\cts\Efficientnet\Leafcare-model\data\test\potato___late_blight\12e2c9b5-fbfc-4bc9-898b-86ead976a615___RS_LB 2702.JPG,potato___late_blight,potato___healthy,0.9951179027557372,C. Healthy vs Diseased,Extremely high confidence misclassification (99.5%) — inspect for label noise or severe lesion ambiguity
C:\cts\Efficientnet\Leafcare-model\data\test\apple___healthy\189c5270-4ba6-4c14-bfb2-3a7dd4d3e7aa___RS_HL 5984.JPG,apple___healthy,soybean___healthy,0.9908620119094848,C. Healthy vs Diseased,Extremely high confidence misclassification (99.1%) — inspect for label noise or severe lesion ambiguity
C:\cts\Efficientnet\Leafcare-model\data\test\tomato___tomato_yellow_leaf_curl_virus\d708a0ae-b955-445f-9fd0-a4ca842cae1b___YLCV_NREC 2533.JPG,tomato___tomato_yellow_leaf_curl_virus,tomato___spider_mites_two_spotted_spider_mite,0.9900810122489928,A. Same crop / Visually similar diseases,Extremely high confidence misclassification (99.0%) — inspect for label noise or severe lesion ambiguity
C:\cts\Efficientnet\Leafcare-model\data\test\pepper_bell___healthy\95568ba3-79c0-462c-9416-c65610d1f737___JR_HL 8482.JPG,pepper_bell___healthy,soybean___healthy,0.9862754344940186,C. Healthy vs Diseased,Very high confidence misclassification (98.6%) — C. Healthy vs Diseased
C:\cts\Efficientnet\Leafcare-model\data\test\apple___apple_scab\6344cfa8-2c26-4498-b366-817d56285212___FREC_Scab 2964.JPG,apple___apple_scab,apple___healthy,0.9861698150634766,C. Healthy vs Diseased,Very high confidence misclassification (98.6%) — C. Healthy vs Diseased
C:\cts\Efficientnet\Leafcare-model\data\test\apple___healthy\8471f2db-6c5c-4aba-9ea4-0eea99121f19___RS_HL 5641.JPG,apple___healthy,peach___healthy,0.986061692237854,C. Healthy vs Diseased,Very high confidence misclassification (98.6%) — C. Healthy vs Diseased
C:\cts\Efficientnet\Leafcare-model\data\test\tomato___septoria_leaf_spot\75ad2d9f-d6d5-403d-80f4-4e276093e184___Matt.S_CG 5989.JPG,tomato___septoria_leaf_spot,tomato___bacterial_spot,0.9800446629524232,A. Same crop / Visually similar diseases,Very high confidence misclassification (98.0%) — A. Same crop / Visually similar diseases
C:\cts\Efficientnet\Leafcare-model\data\test\tomato___target_spot\dcccd1d5-958f-4ea9-9d04-a067275f137d___Com.G_TgS_FL 9846.JPG,tomato___target_spot,tomato___bacterial_spot,0.979098916053772,A. Same crop / Visually similar diseases,Very high confidence misclassification (97.9%) — A. Same crop / Visually similar diseases
C:\cts\Efficientnet\Leafcare-model\data\test\tomato___bacterial_spot\2e917b6c-8617-419d-b54e-2e5222d88e09___UF.GRC_BS_Lab Leaf 8938.JPG,tomato___bacterial_spot,potato___early_blight,0.9782910346984864,D. Cross-crop disease vs disease,Very high confidence misclassification (97.8%) — D. Cross-crop disease vs disease
C:\cts\Efficientnet\Leafcare-model\data\test\tomato___target_spot\ea1a98f6-8ec2-434e-9e48-537378734029___Com.G_TgS_FL 0028.JPG,tomato___target_spot,tomato___bacterial_spot,0.9773833751678468,A. Same crop / Visually similar diseases,Very high confidence misclassification (97.7%) — A. Same crop / Visually similar diseases
C:\cts\Efficientnet\Leafcare-model\data\test\tomato___septoria_leaf_spot\b77f34e1-6fa3-41d6-aea9-b11b8e7e3a04___Matt.S_CG 0955.JPG,tomato___septoria_leaf_spot,tomato___bacterial_spot,0.9753797054290771,A. Same crop / Visually similar diseases,Very high confidence misclassification (97.5%) — A. Same crop / Visually similar diseases
C:\cts\Efficientnet\Leafcare-model\data\test\tomato___tomato_yellow_leaf_curl_virus\4160f824-4741-40ff-ab59-bfa932e9fc6f___YLCV_GCREC 2280.JPG,tomato___tomato_yellow_leaf_curl_virus,tomato___spider_mites_two_spotted_spider_mite,0.9717726707458496,A. Same crop / Visually similar diseases,Very high confidence misclassification (97.2%) — A. Same crop / Visually similar diseases
C:\cts\Efficientnet\Leafcare-model\data\test\tomato___bacterial_spot\25a52867-003f-4390-a80d-03c63c038e9a___UF.GRC_BS_Lab Leaf 0341.JPG,tomato___bacterial_spot,tomato___late_blight,0.9651311039924622,A. Same crop / Visually similar diseases,Very high confidence misclassification (96.5%) — A. Same crop / Visually similar diseases
C:\cts\Efficientnet\Leafcare-model\data\test\blueberry___healthy\56d66220-72cc-43c1-af18-11722e22c6e1___RS_HL 5512.JPG,blueberry___healthy,pepper_bell___healthy,0.964465320110321,C. Healthy vs Diseased,Very high confidence misclassification (96.4%) — C. Healthy vs Diseased
C:\cts\Efficientnet\Leafcare-model\data\test\tomato___target_spot\c4fdb176-7426-4556-9292-0f8ffe036d41___Com.G_TgS_FL 9892.JPG,tomato___target_spot,soybean___healthy,0.9637486338615416,C. Healthy vs Diseased,Very high confidence misclassification (96.4%) — C. Healthy vs Diseased
C:\cts\Efficientnet\Leafcare-model\data\test\tomato___spider_mites_two_spotted_spider_mite\e4136455-c279-44f4-9996-c553e4f11245___Com.G_SpM_FL 8557.JPG,tomato___spider_mites_two_spotted_spider_mite,tomato___tomato_yellow_leaf_curl_virus,0.9623488187789916,A. Same crop / Visually similar diseases,Very high confidence misclassification (96.2%) — A. Same crop / Visually similar diseases
C:\cts\Efficientnet\Leafcare-model\data\test\tomato___septoria_leaf_spot\ef3dc681-0b48-4453-aa1f-1f898b86df8c___Keller.St_CG 1958.JPG,tomato___septoria_leaf_spot,tomato___late_blight,0.9622835516929626,A. Same crop / Visually similar diseases,Very high confidence misclassification (96.2%) — A. Same crop / Visually similar diseases
C:\cts\Efficientnet\Leafcare-model\data\test\tomato___septoria_leaf_spot\d9414fca-6dbf-4c2c-b2fb-2ea61ea07028___Matt.S_CG 0728.JPG,tomato___septoria_leaf_spot,tomato___bacterial_spot,0.9556007981300354,A. Same crop / Visually similar diseases,Very high confidence misclassification (95.6%) — A. Same crop / Visually similar diseases
C:\cts\Efficientnet\Leafcare-model\data\test\squash___powdery_mildew\4f4d2623-c7ca-4b28-80e0-b2af39b2b1fc___MD_Powd.M 0255.JPG,squash___powdery_mildew,tomato___bacterial_spot,0.954933762550354,D. Cross-crop disease vs disease,Very high confidence misclassification (95.5%) — D. Cross-crop disease vs disease
C:\cts\Efficientnet\Leafcare-model\data\test\corn_maize___cercospora_leaf_spot_gray_leaf_spot\ec76caa7-e1a4-440e-9b4c-3ee355aac33b___RS_GLSp 4479.JPG,corn_maize___cercospora_leaf_spot_gray_leaf_spot,corn_maize___northern_leaf_blight,0.952582597732544,A. Same crop / Visually similar diseases,Very high confidence misclassification (95.3%) — A. Same crop / Visually similar diseases
C:\cts\Efficientnet\Leafcare-model\data\test\tomato___late_blight\745086e9-2e07-48e3-809e-7448e14332ef___GHLB2 Leaf 134.2.JPG,tomato___late_blight,tomato___bacterial_spot,0.9497660398483276,A. Same crop / Visually similar diseases,High confidence misclassification (95.0%) — A. Same crop / Visually similar diseases
C:\cts\Efficientnet\Leafcare-model\data\test\corn_maize___cercospora_leaf_spot_gray_leaf_spot\a17a47b5-a52e-4708-ac79-f435652966d6___RS_GLSp 4478.JPG,corn_maize___cercospora_leaf_spot_gray_leaf_spot,corn_maize___northern_leaf_blight,0.9449735879898072,A. Same crop / Visually similar diseases,High confidence misclassification (94.5%) — A. Same crop / Visually similar diseases
C:\cts\Efficientnet\Leafcare-model\data\test\potato___late_blight\613b5b7f-225d-4df8-8893-0f30111925ae___RS_LB 4243.JPG,potato___late_blight,potato___early_blight,0.9447193145751952,A. Same crop / Visually similar diseases,High confidence misclassification (94.5%) — A. Same crop / Visually similar diseases
C:\cts\Efficientnet\Leafcare-model\data\test\grape___esca_black_measles\0e1c89b9-d289-471a-988f-850f4874621e___FAM_B.Msls 3950.JPG,grape___esca_black_measles,grape___black_rot,0.9439164400100708,A. Same crop / Visually similar diseases,High confidence misclassification (94.4%) — A. Same crop / Visually similar diseases
C:\cts\Efficientnet\Leafcare-model\data\test\tomato___bacterial_spot\8b4f1638-2795-4da0-8aa6-06792870bf86___GCREC_Bact.Sp 3591.JPG,tomato___bacterial_spot,tomato___target_spot,0.9435341358184814,A. Same crop / Visually similar diseases,High confidence misclassification (94.4%) — A. Same crop / Visually similar diseases
C:\cts\Efficientnet\Leafcare-model\data\test\tomato___late_blight\418ae33c-5f61-4531-82df-8608d82a7a90___RS_Late.B 5574.JPG,tomato___late_blight,tomato___septoria_leaf_spot,0.942183256149292,A. Same crop / Visually similar diseases,High confidence misclassification (94.2%) — A. Same crop / Visually similar diseases
C:\cts\Efficientnet\Leafcare-model\data\test\grape___esca_black_measles\cfd7c9e5-bab4-49a5-b902-15c09de3c3ea___FAM_B.Msls 1068.JPG,grape___esca_black_measles,grape___black_rot,0.9383946061134338,A. Same crop / Visually similar diseases,High confidence misclassification (93.8%) — A. Same crop / Visually similar diseases
C:\cts\Efficientnet\Leafcare-model\data\test\apple___apple_scab\7efdde34-c75b-40bc-92ef-48de08ec0709___FREC_Scab 3027.JPG,apple___apple_scab,pepper_bell___bacterial_spot,0.9301699995994568,D. Cross-crop disease vs disease,High confidence misclassification (93.0%) — D. Cross-crop disease vs disease
C:\cts\Efficientnet\Leafcare-model\data\test\corn_maize___cercospora_leaf_spot_gray_leaf_spot\7118cb62-d96a-4ae0-8c85-634aa6bc6f62___RS_GLSp 4354.JPG,corn_maize___cercospora_leaf_spot_gray_leaf_spot,corn_maize___northern_leaf_blight,0.9279347658157348,A. Same crop / Visually similar diseases,High confidence misclassification (92.8%) — A. Same crop / Visually similar diseases
C:\cts\Efficientnet\Leafcare-model\data\test\soybean___healthy\3b96870e-1931-4acb-8b74-021c27915396___RS_HL 6678.JPG,soybean___healthy,apple___healthy,0.9255939722061156,C. Healthy vs Diseased,High confidence misclassification (92.6%) — C. Healthy vs Diseased
C:\cts\Efficientnet\Leafcare-model\data\test\tomato___septoria_leaf_spot\1d3dc5a7-5c0a-4852-8210-b06eede5d40a___Matt.S_CG 6071.JPG,tomato___septoria_leaf_spot,tomato___bacterial_spot,0.924698531627655,A. Same crop / Visually similar diseases,High confidence misclassification (92.5%) — A. Same crop / Visually similar diseases
C:\cts\Efficientnet\Leafcare-model\data\test\tomato___early_blight\3069555f-45e9-4208-bc5e-015ce47e34e2___RS_Erly.B 7663.JPG,tomato___early_blight,tomato___spider_mites_two_spotted_spider_mite,0.9243139028549194,A. Same crop / Visually similar diseases,High confidence misclassification (92.4%) — A. Same crop / Visually similar diseases
C:\cts\Efficientnet\Leafcare-model\data\test\tomato___target_spot\4d72bd56-c91d-41d7-9b7f-9c624e63c22a___Com.G_TgS_FL 0023.JPG,tomato___target_spot,tomato___bacterial_spot,0.9195871353149414,A. Same crop / Visually similar diseases,High confidence misclassification (92.0%) — A. Same crop / Visually similar diseases
C:\cts\Efficientnet\Leafcare-model\data\test\tomato___spider_mites_two_spotted_spider_mite\d36f91af-2f89-4834-b088-e0604cf9716b___Com.G_SpM_FL 1765.JPG,tomato___spider_mites_two_spotted_spider_mite,tomato___target_spot,0.9184879064559937,A. Same crop / Visually similar diseases,High confidence misclassification (91.8%) — A. Same crop / Visually similar diseases
C:\cts\Efficientnet\Leafcare-model\data\test\tomato___late_blight\6e45480a-127e-4173-9402-7b724728a139___RS_Late.B 4837.JPG,tomato___late_blight,tomato___leaf_mold,0.9164882898330688,A. Same crop / Visually similar diseases,High confidence misclassification (91.6%) — A. Same crop / Visually similar diseases
C:\cts\Efficientnet\Leafcare-model\data\test\tomato___spider_mites_two_spotted_spider_mite\ae815daa-4243-42c9-95a1-a9764cfd8565___Com.G_SpM_FL 8693.JPG,tomato___spider_mites_two_spotted_spider_mite,tomato___tomato_mosaic_virus,0.9137774109840392,A. Same crop / Visually similar diseases,High confidence misclassification (91.4%) — A. Same crop / Visually similar diseases
C:\cts\Efficientnet\Leafcare-model\data\test\tomato___late_blight\26fa9fb7-10fa-496c-9433-e4053ff456da___RS_Late.B 4867.JPG,tomato___late_blight,tomato___early_blight,0.9105108976364136,A. Same crop / Visually similar diseases,High confidence misclassification (91.1%) — A. Same crop / Visually similar diseases
C:\cts\Efficientnet\Leafcare-model\data\test\corn_maize___cercospora_leaf_spot_gray_leaf_spot\9103b8e5-919c-4d08-a282-25176874769c___RS_GLSp 4653.JPG,corn_maize___cercospora_leaf_spot_gray_leaf_spot,corn_maize___northern_leaf_blight,0.9104182124137878,A. Same crop / Visually similar diseases,High confidence misclassification (91.0%) — A. Same crop / Visually similar diseases
C:\cts\Efficientnet\Leafcare-model\data\test\tomato___early_blight\c21e480d-8263-4b9c-b429-4beceb2cb7d0___RS_Erly.B 8292.JPG,tomato___early_blight,potato___early_blight,0.9079527258872986,B. Cross-crop identical pathogen (Alternaria solani),High confidence misclassification (90.8%) — B. Cross-crop identical pathogen (Alternaria solani)
C:\cts\Efficientnet\Leafcare-model\data\test\tomato___bacterial_spot\962399bf-bc19-48a8-99b1-92b2963c2dcd___UF.GRC_BS_Lab Leaf 1074.JPG,tomato___bacterial_spot,tomato___early_blight,0.90586918592453,A. Same crop / Visually similar diseases,High confidence misclassification (90.6%) — A. Same crop / Visually similar diseases
C:\cts\Efficientnet\Leafcare-model\data\test\tomato___bacterial_spot\90cbe307-2ec6-45f8-b62d-b6fb602466f4___UF.GRC_BS_Lab Leaf 8592.JPG,tomato___bacterial_spot,tomato___septoria_leaf_spot,0.9052581191062928,A. Same crop / Visually similar diseases,High confidence misclassification (90.5%) — A. Same crop / Visually similar diseases
C:\cts\Efficientnet\Leafcare-model\data\test\tomato___target_spot\5553c138-0dd3-440b-b6b7-06847298450e___Com.G_TgS_FL 0977.JPG,tomato___target_spot,tomato___healthy,0.904244065284729,C. Healthy vs Diseased,High confidence misclassification (90.4%) — C. Healthy vs Diseased
