manifest_id,split,source_class,target_class,filename,source_path,destination_path,file_size_bytes
1,train,tomato___bacterial_leaf_spot,tomato___bacterial_spot,010953a32c8892ba.jpg,C:\cts\Efficientnet\Leafcare-model\data\train\tomato___bacterial_leaf_spot\010953a32c8892ba.jpg,C:\cts\Efficientnet\Leafcare-model\data\train\tomato___bacterial_spot\010953a32c8892ba.jpg,27255
2,train,tomato___bacterial_leaf_spot,tomato___bacterial_spot,04a6f018dd31a620.jpg,C:\cts\Efficientnet\Leafcare-model\data\train\tomato___bacterial_leaf_spot\04a6f018dd31a620.jpg,C:\cts\Efficientnet\Leafcare-model\data\train\tomato___bacterial_spot\04a6f018dd31a620.jpg,34026
3,train,tomato___bacterial_leaf_spot,tomato___bacterial_spot,0abacd492ee3fc9e.jpg,C:\cts\Efficientnet\Leafcare-model\data\train\tomato___bacterial_leaf_spot\0abacd492ee3fc9e.jpg,C:\cts\Efficientnet\Leafcare-model\data\train\tomato___bacterial_spot\0abacd492ee3fc9e.jpg,32278
4,train,tomato___bacterial_leaf_spot,tomato___bacterial_spot,19b5888e33c04ecb.jpg,C:\cts\Efficientnet\Leafcare-model\data\train\tomato___bacterial_leaf_spot\19b5888e33c04ecb.jpg,C:\cts\Efficientnet\Leafcare-model\data\train\tomato___bacterial_spot\19b5888e33c04ecb.jpg,20756
5,train,tomato___bacterial_leaf_spot,tomato___bacterial_spot,19d952afedcea551.jpg,C:\cts\Efficientnet\Leafcare-model\data\train\tomato___bacterial_leaf_spot\19d952afedcea551.jpg,C:\cts\Efficientnet\Leafcare-model\data\train\tomato___bacterial_spot\19d952afedcea551.jpg,29818
6,train,tomato___bacterial_leaf_spot,tomato___bacterial_spot,1a22876b506da983.jpg,C:\cts\Efficientnet\Leafcare-model\data\train\tomato___bacterial_leaf_spot\1a22876b506da983.jpg,C:\cts\Efficientnet\Leafcare-model\data\train\tomato___bacterial_spot\1a22876b506da983.jpg,23235
7,train,tomato___bacterial_leaf_spot,tomato___bacterial_spot,1a3d2b1a0cfb1868.jpg,C:\cts\Efficientnet\Leafcare-model\data\train\tomato___bacterial_leaf_spot\1a3d2b1a0cfb1868.jpg,C:\cts\Efficientnet\Leafcare-model\data\train\tomato___bacterial_spot\1a3d2b1a0cfb1868.jpg,25788
8,train,tomato___bacterial_leaf_spot,tomato___bacterial_spot,1a5c3d8ca6fc605d.jpg,C:\cts\Efficientnet\Leafcare-model\data\train\tomato___bacterial_leaf_spot\1a5c3d8ca6fc605d.jpg,C:\cts\Efficientnet\Leafcare-model\data\train\tomato___bacterial_spot\1a5c3d8ca6fc605d.jpg,19647
9,train,tomato___bacterial_leaf_spot,tomato___bacterial_spot,1aa9f8503f90cc3d.jpg,C:\cts\Efficientnet\Leafcare-model\data\train\tomato___bacterial_leaf_spot\1aa9f8503f90cc3d.jpg,C:\cts\Efficientnet\Leafcare-model\data\train\tomato___bacterial_spot\1aa9f8503f90cc3d.jpg,19413
10,train,tomato___bacterial_leaf_spot,tomato___bacterial_spot,1e59a449fb17fdcd.jpg,C:\cts\Efficientnet\Leafcare-model\data\train\tomato___bacterial_leaf_spot\1e59a449fb17fdcd.jpg,C:\cts\Efficientnet\Leafcare-model\data\train\tomato___bacterial_spot\1e59a449fb17fdcd.jpg,23106
11,train,tomato___bacterial_leaf_spot,tomato___bacterial_spot,28158d85c4b72050.jpg,C:\cts\Efficientnet\Leafcare-model\data\train\tomato___bacterial_leaf_spot\28158d85c4b72050.jpg,C:\cts\Efficientnet\Leafcare-model\data\train\tomato___bacterial_spot\28158d85c4b72050.jpg,28204
12,train,tomato___bacterial_leaf_spot,tomato___bacterial_spot,2e3296143a0517c7.jpg,C:\cts\Efficientnet\Leafcare-model\data\train\tomato___bacterial_leaf_spot\2e3296143a0517c7.jpg,C:\cts\Efficientnet\Leafcare-model\data\train\tomato___bacterial_spot\2e3296143a0517c7.jpg,23256
13,train,tomato___bacterial_leaf_spot,tomato___bacterial_spot,309d99703408e8f3.jpg,C:\cts\Efficientnet\Leafcare-model\data\train\tomato___bacterial_leaf_spot\309d99703408e8f3.jpg,C:\cts\Efficientnet\Leafcare-model\data\train\tomato___bacterial_spot\309d99703408e8f3.jpg,31929
14,train,tomato___bacterial_leaf_spot,tomato___bacterial_spot,323ffa92d4226add.jpg,C:\cts\Efficientnet\Leafcare-model\data\train\tomato___bacterial_leaf_spot\323ffa92d4226add.jpg,C:\cts\Efficientnet\Leafcare-model\data\train\tomato___bacterial_spot\323ffa92d4226add.jpg,34402
15,train,tomato___bacterial_leaf_spot,tomato___bacterial_spot,32a7a7d97885c0ca.jpg,C:\cts\Efficientnet\Leafcare-model\data\train\tomato___bacterial_leaf_spot\32a7a7d97885c0ca.jpg,C:\cts\Efficientnet\Leafcare-model\data\train\tomato___bacterial_spot\32a7a7d97885c0ca.jpg,23514
16,train,tomato___bacterial_leaf_spot,tomato___bacterial_spot,32dcd9a3f1e3154d.jpg,C:\cts\Efficientnet\Leafcare-model\data\train\tomato___bacterial_leaf_spot\32dcd9a3f1e3154d.jpg,C:\cts\Efficientnet\Leafcare-model\data\train\tomato___bacterial_spot\32dcd9a3f1e3154d.jpg,22048
17,train,tomato___bacterial_leaf_spot,tomato___bacterial_spot,33ec4aad8ca68120.jpg,C:\cts\Efficientnet\Leafcare-model\data\train\tomato___bacterial_leaf_spot\33ec4aad8ca68120.jpg,C:\cts\Efficientnet\Leafcare-model\data\train\tomato___bacterial_spot\33ec4aad8ca68120.jpg,22754
18,train,tomato___bacterial_leaf_spot,tomato___bacterial_spot,3b709c8e1194b0a8.jpg,C:\cts\Efficientnet\Leafcare-model\data\train\tomato___bacterial_leaf_spot\3b709c8e1194b0a8.jpg,C:\cts\Efficientnet\Leafcare-model\data\train\tomato___bacterial_spot\3b709c8e1194b0a8.jpg,25524
19,train,tomato___bacterial_leaf_spot,tomato___bacterial_spot,403273e74dfb672c.jpg,C:\cts\Efficientnet\Leafcare-model\data\train\tomato___bacterial_leaf_spot\403273e74dfb672c.jpg,C:\cts\Efficientnet\Leafcare-model\data\train\tomato___bacterial_spot\403273e74dfb672c.jpg,29637
20,train,tomato___bacterial_leaf_spot,tomato___bacterial_spot,427c8d709c8d2299.jpg,C:\cts\Efficientnet\Leafcare-model\data\train\tomato___bacterial_leaf_spot\427c8d709c8d2299.jpg,C:\cts\Efficientnet\Leafcare-model\data\train\tomato___bacterial_spot\427c8d709c8d2299.jpg,26856
21,train,tomato___bacterial_leaf_spot,tomato___bacterial_spot,434a365f7625ba6c.jpg,C:\cts\Efficientnet\Leafcare-model\data\train\tomato___bacterial_leaf_spot\434a365f7625ba6c.jpg,C:\cts\Efficientnet\Leafcare-model\data\train\tomato___bacterial_spot\434a365f7625ba6c.jpg,26022
22,train,tomato___bacterial_leaf_spot,tomato___bacterial_spot,43c12007b5f1cbb8.jpg,C:\cts\Efficientnet\Leafcare-model\data\train\tomato___bacterial_leaf_spot\43c12007b5f1cbb8.jpg,C:\cts\Efficientnet\Leafcare-model\data\train\tomato___bacterial_spot\43c12007b5f1cbb8.jpg,27352
23,train,tomato___bacterial_leaf_spot,tomato___bacterial_spot,43c1953efaf6dcfa.jpg,C:\cts\Efficientnet\Leafcare-model\data\train\tomato___bacterial_leaf_spot\43c1953efaf6dcfa.jpg,C:\cts\Efficientnet\Leafcare-model\data\train\tomato___bacterial_spot\43c1953efaf6dcfa.jpg,22249
24,train,tomato___bacterial_leaf_spot,tomato___bacterial_spot,4dee06f758a2b6ff.jpg,C:\cts\Efficientnet\Leafcare-model\data\train\tomato___bacterial_leaf_spot\4dee06f758a2b6ff.jpg,C:\cts\Efficientnet\Leafcare-model\data\train\tomato___bacterial_spot\4dee06f758a2b6ff.jpg,27490
25,train,tomato___bacterial_leaf_spot,tomato___bacterial_spot,57b349a532d66d87.jpg,C:\cts\Efficientnet\Leafcare-model\data\train\tomato___bacterial_leaf_spot\57b349a532d66d87.jpg,C:\cts\Efficientnet\Leafcare-model\data\train\tomato___bacterial_spot\57b349a532d66d87.jpg,27769
26,train,tomato___bacterial_leaf_spot,tomato___bacterial_spot,61c788a4db9f9259.jpg,C:\cts\Efficientnet\Leafcare-model\data\train\tomato___bacterial_leaf_spot\61c788a4db9f9259.jpg,C:\cts\Efficientnet\Leafcare-model\data\train\tomato___bacterial_spot\61c788a4db9f9259.jpg,20080
27,train,tomato___bacterial_leaf_spot,tomato___bacterial_spot,6dcca6af1b909662.jpg,C:\cts\Efficientnet\Leafcare-model\data\train\tomato___bacterial_leaf_spot\6dcca6af1b909662.jpg,C:\cts\Efficientnet\Leafcare-model\data\train\tomato___bacterial_spot\6dcca6af1b909662.jpg,23677
28,train,tomato___bacterial_leaf_spot,tomato___bacterial_spot,75219fd043256409.jpg,C:\cts\Efficientnet\Leafcare-model\data\train\tomato___bacterial_leaf_spot\75219fd043256409.jpg,C:\cts\Efficientnet\Leafcare-model\data\train\tomato___bacterial_spot\75219fd043256409.jpg,27354
29,train,tomato___bacterial_leaf_spot,tomato___bacterial_spot,7a766a128d78548f.jpg,C:\cts\Efficientnet\Leafcare-model\data\train\tomato___bacterial_leaf_spot\7a766a128d78548f.jpg,C:\cts\Efficientnet\Leafcare-model\data\train\tomato___bacterial_spot\7a766a128d78548f.jpg,34963
30,train,tomato___bacterial_leaf_spot,tomato___bacterial_spot,7f6718a551753762.jpg,C:\cts\Efficientnet\Leafcare-model\data\train\tomato___bacterial_leaf_spot\7f6718a551753762.jpg,C:\cts\Efficientnet\Leafcare-model\data\train\tomato___bacterial_spot\7f6718a551753762.jpg,20577
31,train,tomato___bacterial_leaf_spot,tomato___bacterial_spot,82d057bc5c41394c.jpg,C:\cts\Efficientnet\Leafcare-model\data\train\tomato___bacterial_leaf_spot\82d057bc5c41394c.jpg,C:\cts\Efficientnet\Leafcare-model\data\train\tomato___bacterial_spot\82d057bc5c41394c.jpg,33334
32,train,tomato___bacterial_leaf_spot,tomato___bacterial_spot,83b44c294632cff6.jpg,C:\cts\Efficientnet\Leafcare-model\data\train\tomato___bacterial_leaf_spot\83b44c294632cff6.jpg,C:\cts\Efficientnet\Leafcare-model\data\train\tomato___bacterial_spot\83b44c294632cff6.jpg,29262
33,train,tomato___bacterial_leaf_spot,tomato___bacterial_spot,859eaaefcbf35298.jpg,C:\cts\Efficientnet\Leafcare-model\data\train\tomato___bacterial_leaf_spot\859eaaefcbf35298.jpg,C:\cts\Efficientnet\Leafcare-model\data\train\tomato___bacterial_spot\859eaaefcbf35298.jpg,24361
34,train,tomato___bacterial_leaf_spot,tomato___bacterial_spot,8ae01b2b4aa2acdc.jpg,C:\cts\Efficientnet\Leafcare-model\data\train\tomato___bacterial_leaf_spot\8ae01b2b4aa2acdc.jpg,C:\cts\Efficientnet\Leafcare-model\data\train\tomato___bacterial_spot\8ae01b2b4aa2acdc.jpg,31397
35,train,tomato___bacterial_leaf_spot,tomato___bacterial_spot,8b1230c6f3bf9537.jpg,C:\cts\Efficientnet\Leafcare-model\data\train\tomato___bacterial_leaf_spot\8b1230c6f3bf9537.jpg,C:\cts\Efficientnet\Leafcare-model\data\train\tomato___bacterial_spot\8b1230c6f3bf9537.jpg,20547
36,train,tomato___bacterial_leaf_spot,tomato___bacterial_spot,911314d58816a37d.jpg,C:\cts\Efficientnet\Leafcare-model\data\train\tomato___bacterial_leaf_spot\911314d58816a37d.jpg,C:\cts\Efficientnet\Leafcare-model\data\train\tomato___bacterial_spot\911314d58816a37d.jpg,20594
37,train,tomato___bacterial_leaf_spot,tomato___bacterial_spot,9b2dc44f1fea8670.jpg,C:\cts\Efficientnet\Leafcare-model\data\train\tomato___bacterial_leaf_spot\9b2dc44f1fea8670.jpg,C:\cts\Efficientnet\Leafcare-model\data\train\tomato___bacterial_spot\9b2dc44f1fea8670.jpg,37877
38,train,tomato___bacterial_leaf_spot,tomato___bacterial_spot,a133e26b82a8daec.jpg,C:\cts\Efficientnet\Leafcare-model\data\train\tomato___bacterial_leaf_spot\a133e26b82a8daec.jpg,C:\cts\Efficientnet\Leafcare-model\data\train\tomato___bacterial_spot\a133e26b82a8daec.jpg,31500
39,train,tomato___bacterial_leaf_spot,tomato___bacterial_spot,a267ce241d89e1a6.jpg,C:\cts\Efficientnet\Leafcare-model\data\train\tomato___bacterial_leaf_spot\a267ce241d89e1a6.jpg,C:\cts\Efficientnet\Leafcare-model\data\train\tomato___bacterial_spot\a267ce241d89e1a6.jpg,23242
40,train,tomato___bacterial_leaf_spot,tomato___bacterial_spot,a3045de72ec7626b.jpg,C:\cts\Efficientnet\Leafcare-model\data\train\tomato___bacterial_leaf_spot\a3045de72ec7626b.jpg,C:\cts\Efficientnet\Leafcare-model\data\train\tomato___bacterial_spot\a3045de72ec7626b.jpg,27879
41,train,tomato___bacterial_leaf_spot,tomato___bacterial_spot,a5c8fa9751251d42.jpg,C:\cts\Efficientnet\Leafcare-model\data\train\tomato___bacterial_leaf_spot\a5c8fa9751251d42.jpg,C:\cts\Efficientnet\Leafcare-model\data\train\tomato___bacterial_spot\a5c8fa9751251d42.jpg,22876
42,train,tomato___bacterial_leaf_spot,tomato___bacterial_spot,a9cdac6c78dc3d5e.jpg,C:\cts\Efficientnet\Leafcare-model\data\train\tomato___bacterial_leaf_spot\a9cdac6c78dc3d5e.jpg,C:\cts\Efficientnet\Leafcare-model\data\train\tomato___bacterial_spot\a9cdac6c78dc3d5e.jpg,26875
43,train,tomato___bacterial_leaf_spot,tomato___bacterial_spot,ad70f04849f895a5.jpg,C:\cts\Efficientnet\Leafcare-model\data\train\tomato___bacterial_leaf_spot\ad70f04849f895a5.jpg,C:\cts\Efficientnet\Leafcare-model\data\train\tomato___bacterial_spot\ad70f04849f895a5.jpg,22973
44,train,tomato___bacterial_leaf_spot,tomato___bacterial_spot,b2cdd69af1cbfe20.jpg,C:\cts\Efficientnet\Leafcare-model\data\train\tomato___bacterial_leaf_spot\b2cdd69af1cbfe20.jpg,C:\cts\Efficientnet\Leafcare-model\data\train\tomato___bacterial_spot\b2cdd69af1cbfe20.jpg,18882
45,train,tomato___bacterial_leaf_spot,tomato___bacterial_spot,b3c9542a6a4cf926.jpg,C:\cts\Efficientnet\Leafcare-model\data\train\tomato___bacterial_leaf_spot\b3c9542a6a4cf926.jpg,C:\cts\Efficientnet\Leafcare-model\data\train\tomato___bacterial_spot\b3c9542a6a4cf926.jpg,19451
46,train,tomato___bacterial_leaf_spot,tomato___bacterial_spot,b634391244684406.jpg,C:\cts\Efficientnet\Leafcare-model\data\train\tomato___bacterial_leaf_spot\b634391244684406.jpg,C:\cts\Efficientnet\Leafcare-model\data\train\tomato___bacterial_spot\b634391244684406.jpg,28145
47,train,tomato___bacterial_leaf_spot,tomato___bacterial_spot,b775d95f4abae6eb.jpg,C:\cts\Efficientnet\Leafcare-model\data\train\tomato___bacterial_leaf_spot\b775d95f4abae6eb.jpg,C:\cts\Efficientnet\Leafcare-model\data\train\tomato___bacterial_spot\b775d95f4abae6eb.jpg,26717
48,train,tomato___bacterial_leaf_spot,tomato___bacterial_spot,b8f11d0e73109ff5.jpg,C:\cts\Efficientnet\Leafcare-model\data\train\tomato___bacterial_leaf_spot\b8f11d0e73109ff5.jpg,C:\cts\Efficientnet\Leafcare-model\data\train\tomato___bacterial_spot\b8f11d0e73109ff5.jpg,29120
49,train,tomato___bacterial_leaf_spot,tomato___bacterial_spot,b9800dd6121accb7.jpg,C:\cts\Efficientnet\Leafcare-model\data\train\tomato___bacterial_leaf_spot\b9800dd6121accb7.jpg,C:\cts\Efficientnet\Leafcare-model\data\train\tomato___bacterial_spot\b9800dd6121accb7.jpg,29079
50,train,tomato___bacterial_leaf_spot,tomato___bacterial_spot,bb71320f10d70845.jpg,C:\cts\Efficientnet\Leafcare-model\data\train\tomato___bacterial_leaf_spot\bb71320f10d70845.jpg,C:\cts\Efficientnet\Leafcare-model\data\train\tomato___bacterial_spot\bb71320f10d70845.jpg,24496
51,train,tomato___bacterial_leaf_spot,tomato___bacterial_spot,c43aeca41451755c.jpg,C:\cts\Efficientnet\Leafcare-model\data\train\tomato___bacterial_leaf_spot\c43aeca41451755c.jpg,C:\cts\Efficientnet\Leafcare-model\data\train\tomato___bacterial_spot\c43aeca41451755c.jpg,24538
52,train,tomato___bacterial_leaf_spot,tomato___bacterial_spot,c62deb9cda4e744b.jpg,C:\cts\Efficientnet\Leafcare-model\data\train\tomato___bacterial_leaf_spot\c62deb9cda4e744b.jpg,C:\cts\Efficientnet\Leafcare-model\data\train\tomato___bacterial_spot\c62deb9cda4e744b.jpg,22830
53,train,tomato___bacterial_leaf_spot,tomato___bacterial_spot,c6974bd87eaf13b3.jpg,C:\cts\Efficientnet\Leafcare-model\data\train\tomato___bacterial_leaf_spot\c6974bd87eaf13b3.jpg,C:\cts\Efficientnet\Leafcare-model\data\train\tomato___bacterial_spot\c6974bd87eaf13b3.jpg,17005
54,train,tomato___bacterial_leaf_spot,tomato___bacterial_spot,cb281bd7efbae380.jpg,C:\cts\Efficientnet\Leafcare-model\data\train\tomato___bacterial_leaf_spot\cb281bd7efbae380.jpg,C:\cts\Efficientnet\Leafcare-model\data\train\tomato___bacterial_spot\cb281bd7efbae380.jpg,23691
55,train,tomato___bacterial_leaf_spot,tomato___bacterial_spot,cd47f80b40dff1f2.jpg,C:\cts\Efficientnet\Leafcare-model\data\train\tomato___bacterial_leaf_spot\cd47f80b40dff1f2.jpg,C:\cts\Efficientnet\Leafcare-model\data\train\tomato___bacterial_spot\cd47f80b40dff1f2.jpg,33046
56,train,tomato___bacterial_leaf_spot,tomato___bacterial_spot,cefa2bd284506f47.jpg,C:\cts\Efficientnet\Leafcare-model\data\train\tomato___bacterial_leaf_spot\cefa2bd284506f47.jpg,C:\cts\Efficientnet\Leafcare-model\data\train\tomato___bacterial_spot\cefa2bd284506f47.jpg,23360
57,train,tomato___bacterial_leaf_spot,tomato___bacterial_spot,cf58b413dc9e61a8.jpg,C:\cts\Efficientnet\Leafcare-model\data\train\tomato___bacterial_leaf_spot\cf58b413dc9e61a8.jpg,C:\cts\Efficientnet\Leafcare-model\data\train\tomato___bacterial_spot\cf58b413dc9e61a8.jpg,30296
58,train,tomato___bacterial_leaf_spot,tomato___bacterial_spot,d52ac12cfabc7397.jpg,C:\cts\Efficientnet\Leafcare-model\data\train\tomato___bacterial_leaf_spot\d52ac12cfabc7397.jpg,C:\cts\Efficientnet\Leafcare-model\data\train\tomato___bacterial_spot\d52ac12cfabc7397.jpg,25771
59,train,tomato___bacterial_leaf_spot,tomato___bacterial_spot,d687a25b410d3556.jpg,C:\cts\Efficientnet\Leafcare-model\data\train\tomato___bacterial_leaf_spot\d687a25b410d3556.jpg,C:\cts\Efficientnet\Leafcare-model\data\train\tomato___bacterial_spot\d687a25b410d3556.jpg,18044
60,train,tomato___bacterial_leaf_spot,tomato___bacterial_spot,d97f5c69cffac978.jpg,C:\cts\Efficientnet\Leafcare-model\data\train\tomato___bacterial_leaf_spot\d97f5c69cffac978.jpg,C:\cts\Efficientnet\Leafcare-model\data\train\tomato___bacterial_spot\d97f5c69cffac978.jpg,31914
61,train,tomato___bacterial_leaf_spot,tomato___bacterial_spot,e1f1daa834f094e9.jpg,C:\cts\Efficientnet\Leafcare-model\data\train\tomato___bacterial_leaf_spot\e1f1daa834f094e9.jpg,C:\cts\Efficientnet\Leafcare-model\data\train\tomato___bacterial_spot\e1f1daa834f094e9.jpg,22186
62,train,tomato___bacterial_leaf_spot,tomato___bacterial_spot,e21eb38b3cf7cbb6.jpg,C:\cts\Efficientnet\Leafcare-model\data\train\tomato___bacterial_leaf_spot\e21eb38b3cf7cbb6.jpg,C:\cts\Efficientnet\Leafcare-model\data\train\tomato___bacterial_spot\e21eb38b3cf7cbb6.jpg,20145
63,train,tomato___bacterial_leaf_spot,tomato___bacterial_spot,e5844771b487f68b.jpg,C:\cts\Efficientnet\Leafcare-model\data\train\tomato___bacterial_leaf_spot\e5844771b487f68b.jpg,C:\cts\Efficientnet\Leafcare-model\data\train\tomato___bacterial_spot\e5844771b487f68b.jpg,19525
64,train,tomato___bacterial_leaf_spot,tomato___bacterial_spot,eb4c9b17f9baea6d.jpg,C:\cts\Efficientnet\Leafcare-model\data\train\tomato___bacterial_leaf_spot\eb4c9b17f9baea6d.jpg,C:\cts\Efficientnet\Leafcare-model\data\train\tomato___bacterial_spot\eb4c9b17f9baea6d.jpg,22352
65,train,tomato___bacterial_leaf_spot,tomato___bacterial_spot,f1a6de284da23774.jpg,C:\cts\Efficientnet\Leafcare-model\data\train\tomato___bacterial_leaf_spot\f1a6de284da23774.jpg,C:\cts\Efficientnet\Leafcare-model\data\train\tomato___bacterial_spot\f1a6de284da23774.jpg,22076
66,train,tomato___bacterial_leaf_spot,tomato___bacterial_spot,f79a828c4bd6550c.jpg,C:\cts\Efficientnet\Leafcare-model\data\train\tomato___bacterial_leaf_spot\f79a828c4bd6550c.jpg,C:\cts\Efficientnet\Leafcare-model\data\train\tomato___bacterial_spot\f79a828c4bd6550c.jpg,22697
67,train,tomato___bacterial_leaf_spot,tomato___bacterial_spot,f92e80abf074bcbd.jpg,C:\cts\Efficientnet\Leafcare-model\data\train\tomato___bacterial_leaf_spot\f92e80abf074bcbd.jpg,C:\cts\Efficientnet\Leafcare-model\data\train\tomato___bacterial_spot\f92e80abf074bcbd.jpg,33135
68,val,tomato___bacterial_leaf_spot,tomato___bacterial_spot,0113b21e3abe1d9f.jpg,C:\cts\Efficientnet\Leafcare-model\data\val\tomato___bacterial_leaf_spot\0113b21e3abe1d9f.jpg,C:\cts\Efficientnet\Leafcare-model\data\val\tomato___bacterial_spot\0113b21e3abe1d9f.jpg,33757
69,val,tomato___bacterial_leaf_spot,tomato___bacterial_spot,0e60041998d577f8.jpg,C:\cts\Efficientnet\Leafcare-model\data\val\tomato___bacterial_leaf_spot\0e60041998d577f8.jpg,C:\cts\Efficientnet\Leafcare-model\data\val\tomato___bacterial_spot\0e60041998d577f8.jpg,28418
70,val,tomato___bacterial_leaf_spot,tomato___bacterial_spot,0e80f6f02654439c.jpg,C:\cts\Efficientnet\Leafcare-model\data\val\tomato___bacterial_leaf_spot\0e80f6f02654439c.jpg,C:\cts\Efficientnet\Leafcare-model\data\val\tomato___bacterial_spot\0e80f6f02654439c.jpg,24534
71,val,tomato___bacterial_leaf_spot,tomato___bacterial_spot,37f283b1586a5ab8.jpg,C:\cts\Efficientnet\Leafcare-model\data\val\tomato___bacterial_leaf_spot\37f283b1586a5ab8.jpg,C:\cts\Efficientnet\Leafcare-model\data\val\tomato___bacterial_spot\37f283b1586a5ab8.jpg,27676
72,val,tomato___bacterial_leaf_spot,tomato___bacterial_spot,39f9a4a863ab0282.jpg,C:\cts\Efficientnet\Leafcare-model\data\val\tomato___bacterial_leaf_spot\39f9a4a863ab0282.jpg,C:\cts\Efficientnet\Leafcare-model\data\val\tomato___bacterial_spot\39f9a4a863ab0282.jpg,20181
73,val,tomato___bacterial_leaf_spot,tomato___bacterial_spot,3f67d6f1e8412543.jpg,C:\cts\Efficientnet\Leafcare-model\data\val\tomato___bacterial_leaf_spot\3f67d6f1e8412543.jpg,C:\cts\Efficientnet\Leafcare-model\data\val\tomato___bacterial_spot\3f67d6f1e8412543.jpg,22281
74,val,tomato___bacterial_leaf_spot,tomato___bacterial_spot,4eb016394490338c.jpg,C:\cts\Efficientnet\Leafcare-model\data\val\tomato___bacterial_leaf_spot\4eb016394490338c.jpg,C:\cts\Efficientnet\Leafcare-model\data\val\tomato___bacterial_spot\4eb016394490338c.jpg,30640
75,val,tomato___bacterial_leaf_spot,tomato___bacterial_spot,73fcfac8a1085319.jpg,C:\cts\Efficientnet\Leafcare-model\data\val\tomato___bacterial_leaf_spot\73fcfac8a1085319.jpg,C:\cts\Efficientnet\Leafcare-model\data\val\tomato___bacterial_spot\73fcfac8a1085319.jpg,27076
76,val,tomato___bacterial_leaf_spot,tomato___bacterial_spot,84b2e6e9fc5f853c.jpg,C:\cts\Efficientnet\Leafcare-model\data\val\tomato___bacterial_leaf_spot\84b2e6e9fc5f853c.jpg,C:\cts\Efficientnet\Leafcare-model\data\val\tomato___bacterial_spot\84b2e6e9fc5f853c.jpg,21677
77,val,tomato___bacterial_leaf_spot,tomato___bacterial_spot,8cd816fa9d620063.jpg,C:\cts\Efficientnet\Leafcare-model\data\val\tomato___bacterial_leaf_spot\8cd816fa9d620063.jpg,C:\cts\Efficientnet\Leafcare-model\data\val\tomato___bacterial_spot\8cd816fa9d620063.jpg,27056
78,val,tomato___bacterial_leaf_spot,tomato___bacterial_spot,915dfdbade344223.jpg,C:\cts\Efficientnet\Leafcare-model\data\val\tomato___bacterial_leaf_spot\915dfdbade344223.jpg,C:\cts\Efficientnet\Leafcare-model\data\val\tomato___bacterial_spot\915dfdbade344223.jpg,33491
79,val,tomato___bacterial_leaf_spot,tomato___bacterial_spot,984edb0b8a982145.jpg,C:\cts\Efficientnet\Leafcare-model\data\val\tomato___bacterial_leaf_spot\984edb0b8a982145.jpg,C:\cts\Efficientnet\Leafcare-model\data\val\tomato___bacterial_spot\984edb0b8a982145.jpg,24492
80,val,tomato___bacterial_leaf_spot,tomato___bacterial_spot,e51376d810f18a70.jpg,C:\cts\Efficientnet\Leafcare-model\data\val\tomato___bacterial_leaf_spot\e51376d810f18a70.jpg,C:\cts\Efficientnet\Leafcare-model\data\val\tomato___bacterial_spot\e51376d810f18a70.jpg,24865
81,val,tomato___bacterial_leaf_spot,tomato___bacterial_spot,f6af382649670cfc.jpg,C:\cts\Efficientnet\Leafcare-model\data\val\tomato___bacterial_leaf_spot\f6af382649670cfc.jpg,C:\cts\Efficientnet\Leafcare-model\data\val\tomato___bacterial_spot\f6af382649670cfc.jpg,31212
82,test,tomato___bacterial_leaf_spot,tomato___bacterial_spot,1449b6a24564f08d.jpg,C:\cts\Efficientnet\Leafcare-model\data\test\tomato___bacterial_leaf_spot\1449b6a24564f08d.jpg,C:\cts\Efficientnet\Leafcare-model\data\test\tomato___bacterial_spot\1449b6a24564f08d.jpg,27972
83,test,tomato___bacterial_leaf_spot,tomato___bacterial_spot,1c8616b6ffebf013.jpg,C:\cts\Efficientnet\Leafcare-model\data\test\tomato___bacterial_leaf_spot\1c8616b6ffebf013.jpg,C:\cts\Efficientnet\Leafcare-model\data\test\tomato___bacterial_spot\1c8616b6ffebf013.jpg,37118
84,test,tomato___bacterial_leaf_spot,tomato___bacterial_spot,30ccd8da51972c22.jpg,C:\cts\Efficientnet\Leafcare-model\data\test\tomato___bacterial_leaf_spot\30ccd8da51972c22.jpg,C:\cts\Efficientnet\Leafcare-model\data\test\tomato___bacterial_spot\30ccd8da51972c22.jpg,38305
85,test,tomato___bacterial_leaf_spot,tomato___bacterial_spot,3341c9b20320a4ae.jpg,C:\cts\Efficientnet\Leafcare-model\data\test\tomato___bacterial_leaf_spot\3341c9b20320a4ae.jpg,C:\cts\Efficientnet\Leafcare-model\data\test\tomato___bacterial_spot\3341c9b20320a4ae.jpg,15751
86,test,tomato___bacterial_leaf_spot,tomato___bacterial_spot,76d12e372988337d.jpg,C:\cts\Efficientnet\Leafcare-model\data\test\tomato___bacterial_leaf_spot\76d12e372988337d.jpg,C:\cts\Efficientnet\Leafcare-model\data\test\tomato___bacterial_spot\76d12e372988337d.jpg,31697
87,test,tomato___bacterial_leaf_spot,tomato___bacterial_spot,9548c11e8d032717.jpg,C:\cts\Efficientnet\Leafcare-model\data\test\tomato___bacterial_leaf_spot\9548c11e8d032717.jpg,C:\cts\Efficientnet\Leafcare-model\data\test\tomato___bacterial_spot\9548c11e8d032717.jpg,24628
88,test,tomato___bacterial_leaf_spot,tomato___bacterial_spot,a2ae9039d4f82548.jpg,C:\cts\Efficientnet\Leafcare-model\data\test\tomato___bacterial_leaf_spot\a2ae9039d4f82548.jpg,C:\cts\Efficientnet\Leafcare-model\data\test\tomato___bacterial_spot\a2ae9039d4f82548.jpg,26765
89,test,tomato___bacterial_leaf_spot,tomato___bacterial_spot,a7776a68b9f599dc.jpg,C:\cts\Efficientnet\Leafcare-model\data\test\tomato___bacterial_leaf_spot\a7776a68b9f599dc.jpg,C:\cts\Efficientnet\Leafcare-model\data\test\tomato___bacterial_spot\a7776a68b9f599dc.jpg,32517
90,test,tomato___bacterial_leaf_spot,tomato___bacterial_spot,b0c401cc3b3beaf8.jpg,C:\cts\Efficientnet\Leafcare-model\data\test\tomato___bacterial_leaf_spot\b0c401cc3b3beaf8.jpg,C:\cts\Efficientnet\Leafcare-model\data\test\tomato___bacterial_spot\b0c401cc3b3beaf8.jpg,19755
91,test,tomato___bacterial_leaf_spot,tomato___bacterial_spot,b1abda3208c91151.jpg,C:\cts\Efficientnet\Leafcare-model\data\test\tomato___bacterial_leaf_spot\b1abda3208c91151.jpg,C:\cts\Efficientnet\Leafcare-model\data\test\tomato___bacterial_spot\b1abda3208c91151.jpg,20795
92,test,tomato___bacterial_leaf_spot,tomato___bacterial_spot,b30babdb6b6fc9f8.jpg,C:\cts\Efficientnet\Leafcare-model\data\test\tomato___bacterial_leaf_spot\b30babdb6b6fc9f8.jpg,C:\cts\Efficientnet\Leafcare-model\data\test\tomato___bacterial_spot\b30babdb6b6fc9f8.jpg,29510
93,test,tomato___bacterial_leaf_spot,tomato___bacterial_spot,c377861f77a036dd.jpg,C:\cts\Efficientnet\Leafcare-model\data\test\tomato___bacterial_leaf_spot\c377861f77a036dd.jpg,C:\cts\Efficientnet\Leafcare-model\data\test\tomato___bacterial_spot\c377861f77a036dd.jpg,31318
94,test,tomato___bacterial_leaf_spot,tomato___bacterial_spot,c4836dfd8a20fb81.jpg,C:\cts\Efficientnet\Leafcare-model\data\test\tomato___bacterial_leaf_spot\c4836dfd8a20fb81.jpg,C:\cts\Efficientnet\Leafcare-model\data\test\tomato___bacterial_spot\c4836dfd8a20fb81.jpg,42276
95,test,tomato___bacterial_leaf_spot,tomato___bacterial_spot,ec4ae71ab25e7054.jpg,C:\cts\Efficientnet\Leafcare-model\data\test\tomato___bacterial_leaf_spot\ec4ae71ab25e7054.jpg,C:\cts\Efficientnet\Leafcare-model\data\test\tomato___bacterial_spot\ec4ae71ab25e7054.jpg,25587
96,train,tomato___mosaic_virus,tomato___tomato_mosaic_virus,07828e340a30a5b3.jpg,C:\cts\Efficientnet\Leafcare-model\data\train\tomato___mosaic_virus\07828e340a30a5b3.jpg,C:\cts\Efficientnet\Leafcare-model\data\train\tomato___tomato_mosaic_virus\07828e340a30a5b3.jpg,24300
97,train,tomato___mosaic_virus,tomato___tomato_mosaic_virus,12fb606f07f693c2.jpg,C:\cts\Efficientnet\Leafcare-model\data\train\tomato___mosaic_virus\12fb606f07f693c2.jpg,C:\cts\Efficientnet\Leafcare-model\data\train\tomato___tomato_mosaic_virus\12fb606f07f693c2.jpg,33816
98,train,tomato___mosaic_virus,tomato___tomato_mosaic_virus,1818340261da5c30.jpg,C:\cts\Efficientnet\Leafcare-model\data\train\tomato___mosaic_virus\1818340261da5c30.jpg,C:\cts\Efficientnet\Leafcare-model\data\train\tomato___tomato_mosaic_virus\1818340261da5c30.jpg,21455
99,train,tomato___mosaic_virus,tomato___tomato_mosaic_virus,201673e93587c349.jpg,C:\cts\Efficientnet\Leafcare-model\data\train\tomato___mosaic_virus\201673e93587c349.jpg,C:\cts\Efficientnet\Leafcare-model\data\train\tomato___tomato_mosaic_virus\201673e93587c349.jpg,29013
100,train,tomato___mosaic_virus,tomato___tomato_mosaic_virus,27221cabfec983d5.jpg,C:\cts\Efficientnet\Leafcare-model\data\train\tomato___mosaic_virus\27221cabfec983d5.jpg,C:\cts\Efficientnet\Leafcare-model\data\train\tomato___tomato_mosaic_virus\27221cabfec983d5.jpg,30448
101,train,tomato___mosaic_virus,tomato___tomato_mosaic_virus,2998de2de410ffa5.jpg,C:\cts\Efficientnet\Leafcare-model\data\train\tomato___mosaic_virus\2998de2de410ffa5.jpg,C:\cts\Efficientnet\Leafcare-model\data\train\tomato___tomato_mosaic_virus\2998de2de410ffa5.jpg,19910
102,train,tomato___mosaic_virus,tomato___tomato_mosaic_virus,2af62db766d2e38d.jpg,C:\cts\Efficientnet\Leafcare-model\data\train\tomato___mosaic_virus\2af62db766d2e38d.jpg,C:\cts\Efficientnet\Leafcare-model\data\train\tomato___tomato_mosaic_virus\2af62db766d2e38d.jpg,30834
103,train,tomato___mosaic_virus,tomato___tomato_mosaic_virus,32600f86ada50bea.jpg,C:\cts\Efficientnet\Leafcare-model\data\train\tomato___mosaic_virus\32600f86ada50bea.jpg,C:\cts\Efficientnet\Leafcare-model\data\train\tomato___tomato_mosaic_virus\32600f86ada50bea.jpg,19506
104,train,tomato___mosaic_virus,tomato___tomato_mosaic_virus,326a01675263f897.jpg,C:\cts\Efficientnet\Leafcare-model\data\train\tomato___mosaic_virus\326a01675263f897.jpg,C:\cts\Efficientnet\Leafcare-model\data\train\tomato___tomato_mosaic_virus\326a01675263f897.jpg,20864
105,train,tomato___mosaic_virus,tomato___tomato_mosaic_virus,3cc8b03694de422e.jpg,C:\cts\Efficientnet\Leafcare-model\data\train\tomato___mosaic_virus\3cc8b03694de422e.jpg,C:\cts\Efficientnet\Leafcare-model\data\train\tomato___tomato_mosaic_virus\3cc8b03694de422e.jpg,19912
106,train,tomato___mosaic_virus,tomato___tomato_mosaic_virus,4d6d4e84d11f2cc0.jpg,C:\cts\Efficientnet\Leafcare-model\data\train\tomato___mosaic_virus\4d6d4e84d11f2cc0.jpg,C:\cts\Efficientnet\Leafcare-model\data\train\tomato___tomato_mosaic_virus\4d6d4e84d11f2cc0.jpg,23426
107,train,tomato___mosaic_virus,tomato___tomato_mosaic_virus,54586903e500a73f.jpg,C:\cts\Efficientnet\Leafcare-model\data\train\tomato___mosaic_virus\54586903e500a73f.jpg,C:\cts\Efficientnet\Leafcare-model\data\train\tomato___tomato_mosaic_virus\54586903e500a73f.jpg,31966
108,train,tomato___mosaic_virus,tomato___tomato_mosaic_virus,55178bb117a0e617.jpg,C:\cts\Efficientnet\Leafcare-model\data\train\tomato___mosaic_virus\55178bb117a0e617.jpg,C:\cts\Efficientnet\Leafcare-model\data\train\tomato___tomato_mosaic_virus\55178bb117a0e617.jpg,32343
109,train,tomato___mosaic_virus,tomato___tomato_mosaic_virus,58d1edaf12075103.jpg,C:\cts\Efficientnet\Leafcare-model\data\train\tomato___mosaic_virus\58d1edaf12075103.jpg,C:\cts\Efficientnet\Leafcare-model\data\train\tomato___tomato_mosaic_virus\58d1edaf12075103.jpg,27717
110,train,tomato___mosaic_virus,tomato___tomato_mosaic_virus,6796f3a886eae065.jpg,C:\cts\Efficientnet\Leafcare-model\data\train\tomato___mosaic_virus\6796f3a886eae065.jpg,C:\cts\Efficientnet\Leafcare-model\data\train\tomato___tomato_mosaic_virus\6796f3a886eae065.jpg,16281
111,train,tomato___mosaic_virus,tomato___tomato_mosaic_virus,72b44ec4e89d4256.jpg,C:\cts\Efficientnet\Leafcare-model\data\train\tomato___mosaic_virus\72b44ec4e89d4256.jpg,C:\cts\Efficientnet\Leafcare-model\data\train\tomato___tomato_mosaic_virus\72b44ec4e89d4256.jpg,26822
112,train,tomato___mosaic_virus,tomato___tomato_mosaic_virus,768a12b11dec0fe4.jpg,C:\cts\Efficientnet\Leafcare-model\data\train\tomato___mosaic_virus\768a12b11dec0fe4.jpg,C:\cts\Efficientnet\Leafcare-model\data\train\tomato___tomato_mosaic_virus\768a12b11dec0fe4.jpg,32894
113,train,tomato___mosaic_virus,tomato___tomato_mosaic_virus,867c69c34a7c0467.jpg,C:\cts\Efficientnet\Leafcare-model\data\train\tomato___mosaic_virus\867c69c34a7c0467.jpg,C:\cts\Efficientnet\Leafcare-model\data\train\tomato___tomato_mosaic_virus\867c69c34a7c0467.jpg,32837
114,train,tomato___mosaic_virus,tomato___tomato_mosaic_virus,90e5b84738893959.jpg,C:\cts\Efficientnet\Leafcare-model\data\train\tomato___mosaic_virus\90e5b84738893959.jpg,C:\cts\Efficientnet\Leafcare-model\data\train\tomato___tomato_mosaic_virus\90e5b84738893959.jpg,34807
115,train,tomato___mosaic_virus,tomato___tomato_mosaic_virus,926a2d8d20f49daf.jpg,C:\cts\Efficientnet\Leafcare-model\data\train\tomato___mosaic_virus\926a2d8d20f49daf.jpg,C:\cts\Efficientnet\Leafcare-model\data\train\tomato___tomato_mosaic_virus\926a2d8d20f49daf.jpg,23761
116,train,tomato___mosaic_virus,tomato___tomato_mosaic_virus,975f03a5c6389f26.jpg,C:\cts\Efficientnet\Leafcare-model\data\train\tomato___mosaic_virus\975f03a5c6389f26.jpg,C:\cts\Efficientnet\Leafcare-model\data\train\tomato___tomato_mosaic_virus\975f03a5c6389f26.jpg,30962
117,train,tomato___mosaic_virus,tomato___tomato_mosaic_virus,acd4616015371105.jpg,C:\cts\Efficientnet\Leafcare-model\data\train\tomato___mosaic_virus\acd4616015371105.jpg,C:\cts\Efficientnet\Leafcare-model\data\train\tomato___tomato_mosaic_virus\acd4616015371105.jpg,36570
118,train,tomato___mosaic_virus,tomato___tomato_mosaic_virus,b18bd942d302927b.jpg,C:\cts\Efficientnet\Leafcare-model\data\train\tomato___mosaic_virus\b18bd942d302927b.jpg,C:\cts\Efficientnet\Leafcare-model\data\train\tomato___tomato_mosaic_virus\b18bd942d302927b.jpg,27475
119,train,tomato___mosaic_virus,tomato___tomato_mosaic_virus,b2918b836223ffbf.jpg,C:\cts\Efficientnet\Leafcare-model\data\train\tomato___mosaic_virus\b2918b836223ffbf.jpg,C:\cts\Efficientnet\Leafcare-model\data\train\tomato___tomato_mosaic_virus\b2918b836223ffbf.jpg,38912
120,train,tomato___mosaic_virus,tomato___tomato_mosaic_virus,bcb19d247608168c.jpg,C:\cts\Efficientnet\Leafcare-model\data\train\tomato___mosaic_virus\bcb19d247608168c.jpg,C:\cts\Efficientnet\Leafcare-model\data\train\tomato___tomato_mosaic_virus\bcb19d247608168c.jpg,31278
121,train,tomato___mosaic_virus,tomato___tomato_mosaic_virus,c18ad5d147d91f9f.jpg,C:\cts\Efficientnet\Leafcare-model\data\train\tomato___mosaic_virus\c18ad5d147d91f9f.jpg,C:\cts\Efficientnet\Leafcare-model\data\train\tomato___tomato_mosaic_virus\c18ad5d147d91f9f.jpg,25944
122,train,tomato___mosaic_virus,tomato___tomato_mosaic_virus,c3cb97a1b9dac360.jpg,C:\cts\Efficientnet\Leafcare-model\data\train\tomato___mosaic_virus\c3cb97a1b9dac360.jpg,C:\cts\Efficientnet\Leafcare-model\data\train\tomato___tomato_mosaic_virus\c3cb97a1b9dac360.jpg,30915
123,train,tomato___mosaic_virus,tomato___tomato_mosaic_virus,c65b627d7ff6857a.jpg,C:\cts\Efficientnet\Leafcare-model\data\train\tomato___mosaic_virus\c65b627d7ff6857a.jpg,C:\cts\Efficientnet\Leafcare-model\data\train\tomato___tomato_mosaic_virus\c65b627d7ff6857a.jpg,23532
124,train,tomato___mosaic_virus,tomato___tomato_mosaic_virus,ca40b812fa0d7f3f.jpg,C:\cts\Efficientnet\Leafcare-model\data\train\tomato___mosaic_virus\ca40b812fa0d7f3f.jpg,C:\cts\Efficientnet\Leafcare-model\data\train\tomato___tomato_mosaic_virus\ca40b812fa0d7f3f.jpg,31878
125,train,tomato___mosaic_virus,tomato___tomato_mosaic_virus,cca54bdc78d2bb80.jpg,C:\cts\Efficientnet\Leafcare-model\data\train\tomato___mosaic_virus\cca54bdc78d2bb80.jpg,C:\cts\Efficientnet\Leafcare-model\data\train\tomato___tomato_mosaic_virus\cca54bdc78d2bb80.jpg,30610
126,train,tomato___mosaic_virus,tomato___tomato_mosaic_virus,ce864e5036f71d56.jpg,C:\cts\Efficientnet\Leafcare-model\data\train\tomato___mosaic_virus\ce864e5036f71d56.jpg,C:\cts\Efficientnet\Leafcare-model\data\train\tomato___tomato_mosaic_virus\ce864e5036f71d56.jpg,20278
127,train,tomato___mosaic_virus,tomato___tomato_mosaic_virus,d1eb681b3c33820c.jpg,C:\cts\Efficientnet\Leafcare-model\data\train\tomato___mosaic_virus\d1eb681b3c33820c.jpg,C:\cts\Efficientnet\Leafcare-model\data\train\tomato___tomato_mosaic_virus\d1eb681b3c33820c.jpg,29806
128,train,tomato___mosaic_virus,tomato___tomato_mosaic_virus,d40bf0bd38c409c1.jpg,C:\cts\Efficientnet\Leafcare-model\data\train\tomato___mosaic_virus\d40bf0bd38c409c1.jpg,C:\cts\Efficientnet\Leafcare-model\data\train\tomato___tomato_mosaic_virus\d40bf0bd38c409c1.jpg,27816
129,train,tomato___mosaic_virus,tomato___tomato_mosaic_virus,da1bc916e445dac7.jpg,C:\cts\Efficientnet\Leafcare-model\data\train\tomato___mosaic_virus\da1bc916e445dac7.jpg,C:\cts\Efficientnet\Leafcare-model\data\train\tomato___tomato_mosaic_virus\da1bc916e445dac7.jpg,22574
130,train,tomato___mosaic_virus,tomato___tomato_mosaic_virus,e62abc4124af5775.jpg,C:\cts\Efficientnet\Leafcare-model\data\train\tomato___mosaic_virus\e62abc4124af5775.jpg,C:\cts\Efficientnet\Leafcare-model\data\train\tomato___tomato_mosaic_virus\e62abc4124af5775.jpg,26084
131,train,tomato___mosaic_virus,tomato___tomato_mosaic_virus,ecb3103d25bc3058.jpg,C:\cts\Efficientnet\Leafcare-model\data\train\tomato___mosaic_virus\ecb3103d25bc3058.jpg,C:\cts\Efficientnet\Leafcare-model\data\train\tomato___tomato_mosaic_virus\ecb3103d25bc3058.jpg,25158
132,train,tomato___mosaic_virus,tomato___tomato_mosaic_virus,f15357f6f11bfca1.jpg,C:\cts\Efficientnet\Leafcare-model\data\train\tomato___mosaic_virus\f15357f6f11bfca1.jpg,C:\cts\Efficientnet\Leafcare-model\data\train\tomato___tomato_mosaic_virus\f15357f6f11bfca1.jpg,23020
133,train,tomato___mosaic_virus,tomato___tomato_mosaic_virus,f4f0de985ad380b9.jpg,C:\cts\Efficientnet\Leafcare-model\data\train\tomato___mosaic_virus\f4f0de985ad380b9.jpg,C:\cts\Efficientnet\Leafcare-model\data\train\tomato___tomato_mosaic_virus\f4f0de985ad380b9.jpg,38870
134,train,tomato___mosaic_virus,tomato___tomato_mosaic_virus,f9e27ded924d8623.jpg,C:\cts\Efficientnet\Leafcare-model\data\train\tomato___mosaic_virus\f9e27ded924d8623.jpg,C:\cts\Efficientnet\Leafcare-model\data\train\tomato___tomato_mosaic_virus\f9e27ded924d8623.jpg,26121
135,val,tomato___mosaic_virus,tomato___tomato_mosaic_virus,13c4c556e1a2e7c1.jpg,C:\cts\Efficientnet\Leafcare-model\data\val\tomato___mosaic_virus\13c4c556e1a2e7c1.jpg,C:\cts\Efficientnet\Leafcare-model\data\val\tomato___tomato_mosaic_virus\13c4c556e1a2e7c1.jpg,28883
136,val,tomato___mosaic_virus,tomato___tomato_mosaic_virus,31c4a2f95d217a51.jpg,C:\cts\Efficientnet\Leafcare-model\data\val\tomato___mosaic_virus\31c4a2f95d217a51.jpg,C:\cts\Efficientnet\Leafcare-model\data\val\tomato___tomato_mosaic_virus\31c4a2f95d217a51.jpg,22410
137,val,tomato___mosaic_virus,tomato___tomato_mosaic_virus,3335f48684e67a24.jpg,C:\cts\Efficientnet\Leafcare-model\data\val\tomato___mosaic_virus\3335f48684e67a24.jpg,C:\cts\Efficientnet\Leafcare-model\data\val\tomato___tomato_mosaic_virus\3335f48684e67a24.jpg,30751
138,val,tomato___mosaic_virus,tomato___tomato_mosaic_virus,387fe33166ae5ce0.jpg,C:\cts\Efficientnet\Leafcare-model\data\val\tomato___mosaic_virus\387fe33166ae5ce0.jpg,C:\cts\Efficientnet\Leafcare-model\data\val\tomato___tomato_mosaic_virus\387fe33166ae5ce0.jpg,24031
139,val,tomato___mosaic_virus,tomato___tomato_mosaic_virus,66320183bb58e3b2.jpg,C:\cts\Efficientnet\Leafcare-model\data\val\tomato___mosaic_virus\66320183bb58e3b2.jpg,C:\cts\Efficientnet\Leafcare-model\data\val\tomato___tomato_mosaic_virus\66320183bb58e3b2.jpg,31970
140,val,tomato___mosaic_virus,tomato___tomato_mosaic_virus,8177a41c3f013d46.jpg,C:\cts\Efficientnet\Leafcare-model\data\val\tomato___mosaic_virus\8177a41c3f013d46.jpg,C:\cts\Efficientnet\Leafcare-model\data\val\tomato___tomato_mosaic_virus\8177a41c3f013d46.jpg,31491
141,val,tomato___mosaic_virus,tomato___tomato_mosaic_virus,b3fffd3fbebf684f.jpg,C:\cts\Efficientnet\Leafcare-model\data\val\tomato___mosaic_virus\b3fffd3fbebf684f.jpg,C:\cts\Efficientnet\Leafcare-model\data\val\tomato___tomato_mosaic_virus\b3fffd3fbebf684f.jpg,13678
142,val,tomato___mosaic_virus,tomato___tomato_mosaic_virus,c1b35c57b178618b.jpg,C:\cts\Efficientnet\Leafcare-model\data\val\tomato___mosaic_virus\c1b35c57b178618b.jpg,C:\cts\Efficientnet\Leafcare-model\data\val\tomato___tomato_mosaic_virus\c1b35c57b178618b.jpg,29922
143,val,tomato___mosaic_virus,tomato___tomato_mosaic_virus,c7e7fb152c8651b7.jpg,C:\cts\Efficientnet\Leafcare-model\data\val\tomato___mosaic_virus\c7e7fb152c8651b7.jpg,C:\cts\Efficientnet\Leafcare-model\data\val\tomato___tomato_mosaic_virus\c7e7fb152c8651b7.jpg,25559
144,test,tomato___mosaic_virus,tomato___tomato_mosaic_virus,19a6e1a81032cd85.jpg,C:\cts\Efficientnet\Leafcare-model\data\test\tomato___mosaic_virus\19a6e1a81032cd85.jpg,C:\cts\Efficientnet\Leafcare-model\data\test\tomato___tomato_mosaic_virus\19a6e1a81032cd85.jpg,31149
145,test,tomato___mosaic_virus,tomato___tomato_mosaic_virus,19b9cb3a4941ca04.jpg,C:\cts\Efficientnet\Leafcare-model\data\test\tomato___mosaic_virus\19b9cb3a4941ca04.jpg,C:\cts\Efficientnet\Leafcare-model\data\test\tomato___tomato_mosaic_virus\19b9cb3a4941ca04.jpg,38245
146,test,tomato___mosaic_virus,tomato___tomato_mosaic_virus,2b719bcae62e1f5c.jpg,C:\cts\Efficientnet\Leafcare-model\data\test\tomato___mosaic_virus\2b719bcae62e1f5c.jpg,C:\cts\Efficientnet\Leafcare-model\data\test\tomato___tomato_mosaic_virus\2b719bcae62e1f5c.jpg,29163
147,test,tomato___mosaic_virus,tomato___tomato_mosaic_virus,33de2eeb803a140d.jpg,C:\cts\Efficientnet\Leafcare-model\data\test\tomato___mosaic_virus\33de2eeb803a140d.jpg,C:\cts\Efficientnet\Leafcare-model\data\test\tomato___tomato_mosaic_virus\33de2eeb803a140d.jpg,35952
148,test,tomato___mosaic_virus,tomato___tomato_mosaic_virus,a78a6fa68f9c382e.jpg,C:\cts\Efficientnet\Leafcare-model\data\test\tomato___mosaic_virus\a78a6fa68f9c382e.jpg,C:\cts\Efficientnet\Leafcare-model\data\test\tomato___tomato_mosaic_virus\a78a6fa68f9c382e.jpg,26179
149,test,tomato___mosaic_virus,tomato___tomato_mosaic_virus,acd8c49488f5a060.jpg,C:\cts\Efficientnet\Leafcare-model\data\test\tomato___mosaic_virus\acd8c49488f5a060.jpg,C:\cts\Efficientnet\Leafcare-model\data\test\tomato___tomato_mosaic_virus\acd8c49488f5a060.jpg,22909
150,test,tomato___mosaic_virus,tomato___tomato_mosaic_virus,e66b232901bd0e88.jpg,C:\cts\Efficientnet\Leafcare-model\data\test\tomato___mosaic_virus\e66b232901bd0e88.jpg,C:\cts\Efficientnet\Leafcare-model\data\test\tomato___tomato_mosaic_virus\e66b232901bd0e88.jpg,33240
151,test,tomato___mosaic_virus,tomato___tomato_mosaic_virus,ee8c723bcb0b97ff.jpg,C:\cts\Efficientnet\Leafcare-model\data\test\tomato___mosaic_virus\ee8c723bcb0b97ff.jpg,C:\cts\Efficientnet\Leafcare-model\data\test\tomato___tomato_mosaic_virus\ee8c723bcb0b97ff.jpg,26571
152,train,tomato___yellow_leaf_curl_virus,tomato___tomato_yellowleaf_curl_virus,00c6e288f2f6e411.jpg,C:\cts\Efficientnet\Leafcare-model\data\train\tomato___yellow_leaf_curl_virus\00c6e288f2f6e411.jpg,C:\cts\Efficientnet\Leafcare-model\data\train\tomato___tomato_yellowleaf_curl_virus\00c6e288f2f6e411.jpg,28315
153,train,tomato___yellow_leaf_curl_virus,tomato___tomato_yellowleaf_curl_virus,0c4d266048051154.jpg,C:\cts\Efficientnet\Leafcare-model\data\train\tomato___yellow_leaf_curl_virus\0c4d266048051154.jpg,C:\cts\Efficientnet\Leafcare-model\data\train\tomato___tomato_yellowleaf_curl_virus\0c4d266048051154.jpg,26597
154,train,tomato___yellow_leaf_curl_virus,tomato___tomato_yellowleaf_curl_virus,13f30b4f5bb78aa4.jpg,C:\cts\Efficientnet\Leafcare-model\data\train\tomato___yellow_leaf_curl_virus\13f30b4f5bb78aa4.jpg,C:\cts\Efficientnet\Leafcare-model\data\train\tomato___tomato_yellowleaf_curl_virus\13f30b4f5bb78aa4.jpg,28464
155,train,tomato___yellow_leaf_curl_virus,tomato___tomato_yellowleaf_curl_virus,16b9556aefdf9f1f.jpg,C:\cts\Efficientnet\Leafcare-model\data\train\tomato___yellow_leaf_curl_virus\16b9556aefdf9f1f.jpg,C:\cts\Efficientnet\Leafcare-model\data\train\tomato___tomato_yellowleaf_curl_virus\16b9556aefdf9f1f.jpg,30823
156,train,tomato___yellow_leaf_curl_virus,tomato___tomato_yellowleaf_curl_virus,1dcea818d1d2431e.jpg,C:\cts\Efficientnet\Leafcare-model\data\train\tomato___yellow_leaf_curl_virus\1dcea818d1d2431e.jpg,C:\cts\Efficientnet\Leafcare-model\data\train\tomato___tomato_yellowleaf_curl_virus\1dcea818d1d2431e.jpg,33529
157,train,tomato___yellow_leaf_curl_virus,tomato___tomato_yellowleaf_curl_virus,229436c6d5fe44d3.jpg,C:\cts\Efficientnet\Leafcare-model\data\train\tomato___yellow_leaf_curl_virus\229436c6d5fe44d3.jpg,C:\cts\Efficientnet\Leafcare-model\data\train\tomato___tomato_yellowleaf_curl_virus\229436c6d5fe44d3.jpg,24302
158,train,tomato___yellow_leaf_curl_virus,tomato___tomato_yellowleaf_curl_virus,2903956adc98277f.jpg,C:\cts\Efficientnet\Leafcare-model\data\train\tomato___yellow_leaf_curl_virus\2903956adc98277f.jpg,C:\cts\Efficientnet\Leafcare-model\data\train\tomato___tomato_yellowleaf_curl_virus\2903956adc98277f.jpg,30803
159,train,tomato___yellow_leaf_curl_virus,tomato___tomato_yellowleaf_curl_virus,297cfc34958de44d.jpg,C:\cts\Efficientnet\Leafcare-model\data\train\tomato___yellow_leaf_curl_virus\297cfc34958de44d.jpg,C:\cts\Efficientnet\Leafcare-model\data\train\tomato___tomato_yellowleaf_curl_virus\297cfc34958de44d.jpg,24652
160,train,tomato___yellow_leaf_curl_virus,tomato___tomato_yellowleaf_curl_virus,2a60d1da030b3183.jpg,C:\cts\Efficientnet\Leafcare-model\data\train\tomato___yellow_leaf_curl_virus\2a60d1da030b3183.jpg,C:\cts\Efficientnet\Leafcare-model\data\train\tomato___tomato_yellowleaf_curl_virus\2a60d1da030b3183.jpg,28404
161,train,tomato___yellow_leaf_curl_virus,tomato___tomato_yellowleaf_curl_virus,3eb04004cd98f709.jpg,C:\cts\Efficientnet\Leafcare-model\data\train\tomato___yellow_leaf_curl_virus\3eb04004cd98f709.jpg,C:\cts\Efficientnet\Leafcare-model\data\train\tomato___tomato_yellowleaf_curl_virus\3eb04004cd98f709.jpg,31018
162,train,tomato___yellow_leaf_curl_virus,tomato___tomato_yellowleaf_curl_virus,42327876d3d72e24.jpg,C:\cts\Efficientnet\Leafcare-model\data\train\tomato___yellow_leaf_curl_virus\42327876d3d72e24.jpg,C:\cts\Efficientnet\Leafcare-model\data\train\tomato___tomato_yellowleaf_curl_virus\42327876d3d72e24.jpg,34287
163,train,tomato___yellow_leaf_curl_virus,tomato___tomato_yellowleaf_curl_virus,429a4c1f22525f83.jpg,C:\cts\Efficientnet\Leafcare-model\data\train\tomato___yellow_leaf_curl_virus\429a4c1f22525f83.jpg,C:\cts\Efficientnet\Leafcare-model\data\train\tomato___tomato_yellowleaf_curl_virus\429a4c1f22525f83.jpg,31946
164,train,tomato___yellow_leaf_curl_virus,tomato___tomato_yellowleaf_curl_virus,45743782b24a0f1c.jpg,C:\cts\Efficientnet\Leafcare-model\data\train\tomato___yellow_leaf_curl_virus\45743782b24a0f1c.jpg,C:\cts\Efficientnet\Leafcare-model\data\train\tomato___tomato_yellowleaf_curl_virus\45743782b24a0f1c.jpg,27674
165,train,tomato___yellow_leaf_curl_virus,tomato___tomato_yellowleaf_curl_virus,4582282a4bd759c3.jpg,C:\cts\Efficientnet\Leafcare-model\data\train\tomato___yellow_leaf_curl_virus\4582282a4bd759c3.jpg,C:\cts\Efficientnet\Leafcare-model\data\train\tomato___tomato_yellowleaf_curl_virus\4582282a4bd759c3.jpg,37176
166,train,tomato___yellow_leaf_curl_virus,tomato___tomato_yellowleaf_curl_virus,47b1f1aa0d3c5591.jpg,C:\cts\Efficientnet\Leafcare-model\data\train\tomato___yellow_leaf_curl_virus\47b1f1aa0d3c5591.jpg,C:\cts\Efficientnet\Leafcare-model\data\train\tomato___tomato_yellowleaf_curl_virus\47b1f1aa0d3c5591.jpg,33221
167,train,tomato___yellow_leaf_curl_virus,tomato___tomato_yellowleaf_curl_virus,47bdc0845af173ae.jpg,C:\cts\Efficientnet\Leafcare-model\data\train\tomato___yellow_leaf_curl_virus\47bdc0845af173ae.jpg,C:\cts\Efficientnet\Leafcare-model\data\train\tomato___tomato_yellowleaf_curl_virus\47bdc0845af173ae.jpg,28386
168,train,tomato___yellow_leaf_curl_virus,tomato___tomato_yellowleaf_curl_virus,48dacbad1a83bb6d.jpg,C:\cts\Efficientnet\Leafcare-model\data\train\tomato___yellow_leaf_curl_virus\48dacbad1a83bb6d.jpg,C:\cts\Efficientnet\Leafcare-model\data\train\tomato___tomato_yellowleaf_curl_virus\48dacbad1a83bb6d.jpg,27414
169,train,tomato___yellow_leaf_curl_virus,tomato___tomato_yellowleaf_curl_virus,54b027b8a3612790.jpg,C:\cts\Efficientnet\Leafcare-model\data\train\tomato___yellow_leaf_curl_virus\54b027b8a3612790.jpg,C:\cts\Efficientnet\Leafcare-model\data\train\tomato___tomato_yellowleaf_curl_virus\54b027b8a3612790.jpg,34093
170,train,tomato___yellow_leaf_curl_virus,tomato___tomato_yellowleaf_curl_virus,560b061dadb566e7.jpg,C:\cts\Efficientnet\Leafcare-model\data\train\tomato___yellow_leaf_curl_virus\560b061dadb566e7.jpg,C:\cts\Efficientnet\Leafcare-model\data\train\tomato___tomato_yellowleaf_curl_virus\560b061dadb566e7.jpg,31266
171,train,tomato___yellow_leaf_curl_virus,tomato___tomato_yellowleaf_curl_virus,57646c81b77fc8ec.jpg,C:\cts\Efficientnet\Leafcare-model\data\train\tomato___yellow_leaf_curl_virus\57646c81b77fc8ec.jpg,C:\cts\Efficientnet\Leafcare-model\data\train\tomato___tomato_yellowleaf_curl_virus\57646c81b77fc8ec.jpg,27417
172,train,tomato___yellow_leaf_curl_virus,tomato___tomato_yellowleaf_curl_virus,58057f61b86f71bf.jpg,C:\cts\Efficientnet\Leafcare-model\data\train\tomato___yellow_leaf_curl_virus\58057f61b86f71bf.jpg,C:\cts\Efficientnet\Leafcare-model\data\train\tomato___tomato_yellowleaf_curl_virus\58057f61b86f71bf.jpg,34581
173,train,tomato___yellow_leaf_curl_virus,tomato___tomato_yellowleaf_curl_virus,594009708d7f9bbf.jpg,C:\cts\Efficientnet\Leafcare-model\data\train\tomato___yellow_leaf_curl_virus\594009708d7f9bbf.jpg,C:\cts\Efficientnet\Leafcare-model\data\train\tomato___tomato_yellowleaf_curl_virus\594009708d7f9bbf.jpg,34631
174,train,tomato___yellow_leaf_curl_virus,tomato___tomato_yellowleaf_curl_virus,5a7d5b1131492d53.jpg,C:\cts\Efficientnet\Leafcare-model\data\train\tomato___yellow_leaf_curl_virus\5a7d5b1131492d53.jpg,C:\cts\Efficientnet\Leafcare-model\data\train\tomato___tomato_yellowleaf_curl_virus\5a7d5b1131492d53.jpg,34253
175,train,tomato___yellow_leaf_curl_virus,tomato___tomato_yellowleaf_curl_virus,5f8396527bee5fbd.jpg,C:\cts\Efficientnet\Leafcare-model\data\train\tomato___yellow_leaf_curl_virus\5f8396527bee5fbd.jpg,C:\cts\Efficientnet\Leafcare-model\data\train\tomato___tomato_yellowleaf_curl_virus\5f8396527bee5fbd.jpg,26008
176,train,tomato___yellow_leaf_curl_virus,tomato___tomato_yellowleaf_curl_virus,5fc16c06fb05846e.jpg,C:\cts\Efficientnet\Leafcare-model\data\train\tomato___yellow_leaf_curl_virus\5fc16c06fb05846e.jpg,C:\cts\Efficientnet\Leafcare-model\data\train\tomato___tomato_yellowleaf_curl_virus\5fc16c06fb05846e.jpg,20933
177,train,tomato___yellow_leaf_curl_virus,tomato___tomato_yellowleaf_curl_virus,609937e60e5ac09c.jpg,C:\cts\Efficientnet\Leafcare-model\data\train\tomato___yellow_leaf_curl_virus\609937e60e5ac09c.jpg,C:\cts\Efficientnet\Leafcare-model\data\train\tomato___tomato_yellowleaf_curl_virus\609937e60e5ac09c.jpg,38521
178,train,tomato___yellow_leaf_curl_virus,tomato___tomato_yellowleaf_curl_virus,647ca7cc5d864510.jpg,C:\cts\Efficientnet\Leafcare-model\data\train\tomato___yellow_leaf_curl_virus\647ca7cc5d864510.jpg,C:\cts\Efficientnet\Leafcare-model\data\train\tomato___tomato_yellowleaf_curl_virus\647ca7cc5d864510.jpg,37121
179,train,tomato___yellow_leaf_curl_virus,tomato___tomato_yellowleaf_curl_virus,65ba93fa682994d3.jpg,C:\cts\Efficientnet\Leafcare-model\data\train\tomato___yellow_leaf_curl_virus\65ba93fa682994d3.jpg,C:\cts\Efficientnet\Leafcare-model\data\train\tomato___tomato_yellowleaf_curl_virus\65ba93fa682994d3.jpg,30364
180,train,tomato___yellow_leaf_curl_virus,tomato___tomato_yellowleaf_curl_virus,6a867d371b9ed49b.jpg,C:\cts\Efficientnet\Leafcare-model\data\train\tomato___yellow_leaf_curl_virus\6a867d371b9ed49b.jpg,C:\cts\Efficientnet\Leafcare-model\data\train\tomato___tomato_yellowleaf_curl_virus\6a867d371b9ed49b.jpg,26872
181,train,tomato___yellow_leaf_curl_virus,tomato___tomato_yellowleaf_curl_virus,6b09c9ba54c506f1.jpg,C:\cts\Efficientnet\Leafcare-model\data\train\tomato___yellow_leaf_curl_virus\6b09c9ba54c506f1.jpg,C:\cts\Efficientnet\Leafcare-model\data\train\tomato___tomato_yellowleaf_curl_virus\6b09c9ba54c506f1.jpg,34666
182,train,tomato___yellow_leaf_curl_virus,tomato___tomato_yellowleaf_curl_virus,7142a3178d8e2f02.jpg,C:\cts\Efficientnet\Leafcare-model\data\train\tomato___yellow_leaf_curl_virus\7142a3178d8e2f02.jpg,C:\cts\Efficientnet\Leafcare-model\data\train\tomato___tomato_yellowleaf_curl_virus\7142a3178d8e2f02.jpg,38407
183,train,tomato___yellow_leaf_curl_virus,tomato___tomato_yellowleaf_curl_virus,73ad70145553b463.jpg,C:\cts\Efficientnet\Leafcare-model\data\train\tomato___yellow_leaf_curl_virus\73ad70145553b463.jpg,C:\cts\Efficientnet\Leafcare-model\data\train\tomato___tomato_yellowleaf_curl_virus\73ad70145553b463.jpg,35131
184,train,tomato___yellow_leaf_curl_virus,tomato___tomato_yellowleaf_curl_virus,74b38a233875ae08.jpg,C:\cts\Efficientnet\Leafcare-model\data\train\tomato___yellow_leaf_curl_virus\74b38a233875ae08.jpg,C:\cts\Efficientnet\Leafcare-model\data\train\tomato___tomato_yellowleaf_curl_virus\74b38a233875ae08.jpg,25882
185,train,tomato___yellow_leaf_curl_virus,tomato___tomato_yellowleaf_curl_virus,79041d0df1ce69d0.jpg,C:\cts\Efficientnet\Leafcare-model\data\train\tomato___yellow_leaf_curl_virus\79041d0df1ce69d0.jpg,C:\cts\Efficientnet\Leafcare-model\data\train\tomato___tomato_yellowleaf_curl_virus\79041d0df1ce69d0.jpg,29490
186,train,tomato___yellow_leaf_curl_virus,tomato___tomato_yellowleaf_curl_virus,7ec84054d7cf0544.jpg,C:\cts\Efficientnet\Leafcare-model\data\train\tomato___yellow_leaf_curl_virus\7ec84054d7cf0544.jpg,C:\cts\Efficientnet\Leafcare-model\data\train\tomato___tomato_yellowleaf_curl_virus\7ec84054d7cf0544.jpg,30908
187,train,tomato___yellow_leaf_curl_virus,tomato___tomato_yellowleaf_curl_virus,849ac0c9c0233714.jpg,C:\cts\Efficientnet\Leafcare-model\data\train\tomato___yellow_leaf_curl_virus\849ac0c9c0233714.jpg,C:\cts\Efficientnet\Leafcare-model\data\train\tomato___tomato_yellowleaf_curl_virus\849ac0c9c0233714.jpg,38054
188,train,tomato___yellow_leaf_curl_virus,tomato___tomato_yellowleaf_curl_virus,886d661e01a9fed1.jpg,C:\cts\Efficientnet\Leafcare-model\data\train\tomato___yellow_leaf_curl_virus\886d661e01a9fed1.jpg,C:\cts\Efficientnet\Leafcare-model\data\train\tomato___tomato_yellowleaf_curl_virus\886d661e01a9fed1.jpg,31521
189,train,tomato___yellow_leaf_curl_virus,tomato___tomato_yellowleaf_curl_virus,8998f6fce0f485ab.jpg,C:\cts\Efficientnet\Leafcare-model\data\train\tomato___yellow_leaf_curl_virus\8998f6fce0f485ab.jpg,C:\cts\Efficientnet\Leafcare-model\data\train\tomato___tomato_yellowleaf_curl_virus\8998f6fce0f485ab.jpg,32504
190,train,tomato___yellow_leaf_curl_virus,tomato___tomato_yellowleaf_curl_virus,8df199b677137241.jpg,C:\cts\Efficientnet\Leafcare-model\data\train\tomato___yellow_leaf_curl_virus\8df199b677137241.jpg,C:\cts\Efficientnet\Leafcare-model\data\train\tomato___tomato_yellowleaf_curl_virus\8df199b677137241.jpg,35128
191,train,tomato___yellow_leaf_curl_virus,tomato___tomato_yellowleaf_curl_virus,8efe7b052d5c56cb.jpg,C:\cts\Efficientnet\Leafcare-model\data\train\tomato___yellow_leaf_curl_virus\8efe7b052d5c56cb.jpg,C:\cts\Efficientnet\Leafcare-model\data\train\tomato___tomato_yellowleaf_curl_virus\8efe7b052d5c56cb.jpg,34057
192,train,tomato___yellow_leaf_curl_virus,tomato___tomato_yellowleaf_curl_virus,9777949be81836fc.jpg,C:\cts\Efficientnet\Leafcare-model\data\train\tomato___yellow_leaf_curl_virus\9777949be81836fc.jpg,C:\cts\Efficientnet\Leafcare-model\data\train\tomato___tomato_yellowleaf_curl_virus\9777949be81836fc.jpg,25233
193,train,tomato___yellow_leaf_curl_virus,tomato___tomato_yellowleaf_curl_virus,9be1e9f2ec286d37.jpg,C:\cts\Efficientnet\Leafcare-model\data\train\tomato___yellow_leaf_curl_virus\9be1e9f2ec286d37.jpg,C:\cts\Efficientnet\Leafcare-model\data\train\tomato___tomato_yellowleaf_curl_virus\9be1e9f2ec286d37.jpg,36605
194,train,tomato___yellow_leaf_curl_virus,tomato___tomato_yellowleaf_curl_virus,b18e91b057600325.jpg,C:\cts\Efficientnet\Leafcare-model\data\train\tomato___yellow_leaf_curl_virus\b18e91b057600325.jpg,C:\cts\Efficientnet\Leafcare-model\data\train\tomato___tomato_yellowleaf_curl_virus\b18e91b057600325.jpg,31966
195,train,tomato___yellow_leaf_curl_virus,tomato___tomato_yellowleaf_curl_virus,b2f43f4c595441f4.jpg,C:\cts\Efficientnet\Leafcare-model\data\train\tomato___yellow_leaf_curl_virus\b2f43f4c595441f4.jpg,C:\cts\Efficientnet\Leafcare-model\data\train\tomato___tomato_yellowleaf_curl_virus\b2f43f4c595441f4.jpg,29965
196,train,tomato___yellow_leaf_curl_virus,tomato___tomato_yellowleaf_curl_virus,b34716fd9bacebc0.jpg,C:\cts\Efficientnet\Leafcare-model\data\train\tomato___yellow_leaf_curl_virus\b34716fd9bacebc0.jpg,C:\cts\Efficientnet\Leafcare-model\data\train\tomato___tomato_yellowleaf_curl_virus\b34716fd9bacebc0.jpg,32453
197,train,tomato___yellow_leaf_curl_virus,tomato___tomato_yellowleaf_curl_virus,b7e8763764266e93.jpg,C:\cts\Efficientnet\Leafcare-model\data\train\tomato___yellow_leaf_curl_virus\b7e8763764266e93.jpg,C:\cts\Efficientnet\Leafcare-model\data\train\tomato___tomato_yellowleaf_curl_virus\b7e8763764266e93.jpg,35898
198,train,tomato___yellow_leaf_curl_virus,tomato___tomato_yellowleaf_curl_virus,c4be17ba3e945eb2.jpg,C:\cts\Efficientnet\Leafcare-model\data\train\tomato___yellow_leaf_curl_virus\c4be17ba3e945eb2.jpg,C:\cts\Efficientnet\Leafcare-model\data\train\tomato___tomato_yellowleaf_curl_virus\c4be17ba3e945eb2.jpg,33542
199,train,tomato___yellow_leaf_curl_virus,tomato___tomato_yellowleaf_curl_virus,caeb89fa46b7d6b9.jpg,C:\cts\Efficientnet\Leafcare-model\data\train\tomato___yellow_leaf_curl_virus\caeb89fa46b7d6b9.jpg,C:\cts\Efficientnet\Leafcare-model\data\train\tomato___tomato_yellowleaf_curl_virus\caeb89fa46b7d6b9.jpg,28592
200,train,tomato___yellow_leaf_curl_virus,tomato___tomato_yellowleaf_curl_virus,ceac36d50b78e75c.jpg,C:\cts\Efficientnet\Leafcare-model\data\train\tomato___yellow_leaf_curl_virus\ceac36d50b78e75c.jpg,C:\cts\Efficientnet\Leafcare-model\data\train\tomato___tomato_yellowleaf_curl_virus\ceac36d50b78e75c.jpg,35947
201,train,tomato___yellow_leaf_curl_virus,tomato___tomato_yellowleaf_curl_virus,cf25ea79b6fbbcfc.jpg,C:\cts\Efficientnet\Leafcare-model\data\train\tomato___yellow_leaf_curl_virus\cf25ea79b6fbbcfc.jpg,C:\cts\Efficientnet\Leafcare-model\data\train\tomato___tomato_yellowleaf_curl_virus\cf25ea79b6fbbcfc.jpg,32211
202,train,tomato___yellow_leaf_curl_virus,tomato___tomato_yellowleaf_curl_virus,d07e377e73e5ec52.jpg,C:\cts\Efficientnet\Leafcare-model\data\train\tomato___yellow_leaf_curl_virus\d07e377e73e5ec52.jpg,C:\cts\Efficientnet\Leafcare-model\data\train\tomato___tomato_yellowleaf_curl_virus\d07e377e73e5ec52.jpg,21452
203,train,tomato___yellow_leaf_curl_virus,tomato___tomato_yellowleaf_curl_virus,d5ede734b9cea6b0.jpg,C:\cts\Efficientnet\Leafcare-model\data\train\tomato___yellow_leaf_curl_virus\d5ede734b9cea6b0.jpg,C:\cts\Efficientnet\Leafcare-model\data\train\tomato___tomato_yellowleaf_curl_virus\d5ede734b9cea6b0.jpg,32018
204,train,tomato___yellow_leaf_curl_virus,tomato___tomato_yellowleaf_curl_virus,d9941259c8a12849.jpg,C:\cts\Efficientnet\Leafcare-model\data\train\tomato___yellow_leaf_curl_virus\d9941259c8a12849.jpg,C:\cts\Efficientnet\Leafcare-model\data\train\tomato___tomato_yellowleaf_curl_virus\d9941259c8a12849.jpg,37425
205,train,tomato___yellow_leaf_curl_virus,tomato___tomato_yellowleaf_curl_virus,e12930e70401cb97.jpg,C:\cts\Efficientnet\Leafcare-model\data\train\tomato___yellow_leaf_curl_virus\e12930e70401cb97.jpg,C:\cts\Efficientnet\Leafcare-model\data\train\tomato___tomato_yellowleaf_curl_virus\e12930e70401cb97.jpg,23516
206,train,tomato___yellow_leaf_curl_virus,tomato___tomato_yellowleaf_curl_virus,eb1ab59d5eb49566.jpg,C:\cts\Efficientnet\Leafcare-model\data\train\tomato___yellow_leaf_curl_virus\eb1ab59d5eb49566.jpg,C:\cts\Efficientnet\Leafcare-model\data\train\tomato___tomato_yellowleaf_curl_virus\eb1ab59d5eb49566.jpg,20571
207,train,tomato___yellow_leaf_curl_virus,tomato___tomato_yellowleaf_curl_virus,ee4349eb026082a0.jpg,C:\cts\Efficientnet\Leafcare-model\data\train\tomato___yellow_leaf_curl_virus\ee4349eb026082a0.jpg,C:\cts\Efficientnet\Leafcare-model\data\train\tomato___tomato_yellowleaf_curl_virus\ee4349eb026082a0.jpg,20270
208,train,tomato___yellow_leaf_curl_virus,tomato___tomato_yellowleaf_curl_virus,eea78b218a657af7.jpg,C:\cts\Efficientnet\Leafcare-model\data\train\tomato___yellow_leaf_curl_virus\eea78b218a657af7.jpg,C:\cts\Efficientnet\Leafcare-model\data\train\tomato___tomato_yellowleaf_curl_virus\eea78b218a657af7.jpg,37360
209,train,tomato___yellow_leaf_curl_virus,tomato___tomato_yellowleaf_curl_virus,f16159cb93493084.jpg,C:\cts\Efficientnet\Leafcare-model\data\train\tomato___yellow_leaf_curl_virus\f16159cb93493084.jpg,C:\cts\Efficientnet\Leafcare-model\data\train\tomato___tomato_yellowleaf_curl_virus\f16159cb93493084.jpg,32533
210,train,tomato___yellow_leaf_curl_virus,tomato___tomato_yellowleaf_curl_virus,f4fc006f0d150a94.jpg,C:\cts\Efficientnet\Leafcare-model\data\train\tomato___yellow_leaf_curl_virus\f4fc006f0d150a94.jpg,C:\cts\Efficientnet\Leafcare-model\data\train\tomato___tomato_yellowleaf_curl_virus\f4fc006f0d150a94.jpg,27765
211,train,tomato___yellow_leaf_curl_virus,tomato___tomato_yellowleaf_curl_virus,fdfccfa8cb9ab4bc.jpg,C:\cts\Efficientnet\Leafcare-model\data\train\tomato___yellow_leaf_curl_virus\fdfccfa8cb9ab4bc.jpg,C:\cts\Efficientnet\Leafcare-model\data\train\tomato___tomato_yellowleaf_curl_virus\fdfccfa8cb9ab4bc.jpg,35257
212,train,tomato___yellow_leaf_curl_virus,tomato___tomato_yellowleaf_curl_virus,fe9f7ce33c52df5d.jpg,C:\cts\Efficientnet\Leafcare-model\data\train\tomato___yellow_leaf_curl_virus\fe9f7ce33c52df5d.jpg,C:\cts\Efficientnet\Leafcare-model\data\train\tomato___tomato_yellowleaf_curl_virus\fe9f7ce33c52df5d.jpg,34524
213,train,tomato___yellow_leaf_curl_virus,tomato___tomato_yellowleaf_curl_virus,ffde41f09e7d47a8.jpg,C:\cts\Efficientnet\Leafcare-model\data\train\tomato___yellow_leaf_curl_virus\ffde41f09e7d47a8.jpg,C:\cts\Efficientnet\Leafcare-model\data\train\tomato___tomato_yellowleaf_curl_virus\ffde41f09e7d47a8.jpg,34256
214,val,tomato___yellow_leaf_curl_virus,tomato___tomato_yellowleaf_curl_virus,19f506cec6e34144.jpg,C:\cts\Efficientnet\Leafcare-model\data\val\tomato___yellow_leaf_curl_virus\19f506cec6e34144.jpg,C:\cts\Efficientnet\Leafcare-model\data\val\tomato___tomato_yellowleaf_curl_virus\19f506cec6e34144.jpg,23592
215,val,tomato___yellow_leaf_curl_virus,tomato___tomato_yellowleaf_curl_virus,2bd218831d0d536f.jpg,C:\cts\Efficientnet\Leafcare-model\data\val\tomato___yellow_leaf_curl_virus\2bd218831d0d536f.jpg,C:\cts\Efficientnet\Leafcare-model\data\val\tomato___tomato_yellowleaf_curl_virus\2bd218831d0d536f.jpg,39867
216,val,tomato___yellow_leaf_curl_virus,tomato___tomato_yellowleaf_curl_virus,4c0daf3a9304ff0e.jpg,C:\cts\Efficientnet\Leafcare-model\data\val\tomato___yellow_leaf_curl_virus\4c0daf3a9304ff0e.jpg,C:\cts\Efficientnet\Leafcare-model\data\val\tomato___tomato_yellowleaf_curl_virus\4c0daf3a9304ff0e.jpg,36888
217,val,tomato___yellow_leaf_curl_virus,tomato___tomato_yellowleaf_curl_virus,6a845b983e5ab590.jpg,C:\cts\Efficientnet\Leafcare-model\data\val\tomato___yellow_leaf_curl_virus\6a845b983e5ab590.jpg,C:\cts\Efficientnet\Leafcare-model\data\val\tomato___tomato_yellowleaf_curl_virus\6a845b983e5ab590.jpg,27551
218,val,tomato___yellow_leaf_curl_virus,tomato___tomato_yellowleaf_curl_virus,7e265b55174a4851.jpg,C:\cts\Efficientnet\Leafcare-model\data\val\tomato___yellow_leaf_curl_virus\7e265b55174a4851.jpg,C:\cts\Efficientnet\Leafcare-model\data\val\tomato___tomato_yellowleaf_curl_virus\7e265b55174a4851.jpg,36227
219,val,tomato___yellow_leaf_curl_virus,tomato___tomato_yellowleaf_curl_virus,82579a3b1524de0c.jpg,C:\cts\Efficientnet\Leafcare-model\data\val\tomato___yellow_leaf_curl_virus\82579a3b1524de0c.jpg,C:\cts\Efficientnet\Leafcare-model\data\val\tomato___tomato_yellowleaf_curl_virus\82579a3b1524de0c.jpg,36791
220,val,tomato___yellow_leaf_curl_virus,tomato___tomato_yellowleaf_curl_virus,884e7aa0adbef78e.jpg,C:\cts\Efficientnet\Leafcare-model\data\val\tomato___yellow_leaf_curl_virus\884e7aa0adbef78e.jpg,C:\cts\Efficientnet\Leafcare-model\data\val\tomato___tomato_yellowleaf_curl_virus\884e7aa0adbef78e.jpg,31308
221,val,tomato___yellow_leaf_curl_virus,tomato___tomato_yellowleaf_curl_virus,9961c40c98b052bd.jpg,C:\cts\Efficientnet\Leafcare-model\data\val\tomato___yellow_leaf_curl_virus\9961c40c98b052bd.jpg,C:\cts\Efficientnet\Leafcare-model\data\val\tomato___tomato_yellowleaf_curl_virus\9961c40c98b052bd.jpg,36907
222,val,tomato___yellow_leaf_curl_virus,tomato___tomato_yellowleaf_curl_virus,a2aa7f2b6ddb422f.jpg,C:\cts\Efficientnet\Leafcare-model\data\val\tomato___yellow_leaf_curl_virus\a2aa7f2b6ddb422f.jpg,C:\cts\Efficientnet\Leafcare-model\data\val\tomato___tomato_yellowleaf_curl_virus\a2aa7f2b6ddb422f.jpg,24983
223,val,tomato___yellow_leaf_curl_virus,tomato___tomato_yellowleaf_curl_virus,a91a91af0a65920d.jpg,C:\cts\Efficientnet\Leafcare-model\data\val\tomato___yellow_leaf_curl_virus\a91a91af0a65920d.jpg,C:\cts\Efficientnet\Leafcare-model\data\val\tomato___tomato_yellowleaf_curl_virus\a91a91af0a65920d.jpg,26484
224,val,tomato___yellow_leaf_curl_virus,tomato___tomato_yellowleaf_curl_virus,ae9845ffcec4c9fa.jpg,C:\cts\Efficientnet\Leafcare-model\data\val\tomato___yellow_leaf_curl_virus\ae9845ffcec4c9fa.jpg,C:\cts\Efficientnet\Leafcare-model\data\val\tomato___tomato_yellowleaf_curl_virus\ae9845ffcec4c9fa.jpg,18229
225,val,tomato___yellow_leaf_curl_virus,tomato___tomato_yellowleaf_curl_virus,b974c10df52d88e4.jpg,C:\cts\Efficientnet\Leafcare-model\data\val\tomato___yellow_leaf_curl_virus\b974c10df52d88e4.jpg,C:\cts\Efficientnet\Leafcare-model\data\val\tomato___tomato_yellowleaf_curl_virus\b974c10df52d88e4.jpg,36687
226,val,tomato___yellow_leaf_curl_virus,tomato___tomato_yellowleaf_curl_virus,bf37b569cacf6811.jpg,C:\cts\Efficientnet\Leafcare-model\data\val\tomato___yellow_leaf_curl_virus\bf37b569cacf6811.jpg,C:\cts\Efficientnet\Leafcare-model\data\val\tomato___tomato_yellowleaf_curl_virus\bf37b569cacf6811.jpg,30828
227,val,tomato___yellow_leaf_curl_virus,tomato___tomato_yellowleaf_curl_virus,fb450313adadbad4.jpg,C:\cts\Efficientnet\Leafcare-model\data\val\tomato___yellow_leaf_curl_virus\fb450313adadbad4.jpg,C:\cts\Efficientnet\Leafcare-model\data\val\tomato___tomato_yellowleaf_curl_virus\fb450313adadbad4.jpg,29925
228,test,tomato___yellow_leaf_curl_virus,tomato___tomato_yellowleaf_curl_virus,0b6fb4e92ab6a716.jpg,C:\cts\Efficientnet\Leafcare-model\data\test\tomato___yellow_leaf_curl_virus\0b6fb4e92ab6a716.jpg,C:\cts\Efficientnet\Leafcare-model\data\test\tomato___tomato_yellowleaf_curl_virus\0b6fb4e92ab6a716.jpg,25949
229,test,tomato___yellow_leaf_curl_virus,tomato___tomato_yellowleaf_curl_virus,12961e4d746db5c2.jpg,C:\cts\Efficientnet\Leafcare-model\data\test\tomato___yellow_leaf_curl_virus\12961e4d746db5c2.jpg,C:\cts\Efficientnet\Leafcare-model\data\test\tomato___tomato_yellowleaf_curl_virus\12961e4d746db5c2.jpg,44513
230,test,tomato___yellow_leaf_curl_virus,tomato___tomato_yellowleaf_curl_virus,143205f9ff2dd8d6.jpg,C:\cts\Efficientnet\Leafcare-model\data\test\tomato___yellow_leaf_curl_virus\143205f9ff2dd8d6.jpg,C:\cts\Efficientnet\Leafcare-model\data\test\tomato___tomato_yellowleaf_curl_virus\143205f9ff2dd8d6.jpg,34116
231,test,tomato___yellow_leaf_curl_virus,tomato___tomato_yellowleaf_curl_virus,21635027ecf5817e.jpg,C:\cts\Efficientnet\Leafcare-model\data\test\tomato___yellow_leaf_curl_virus\21635027ecf5817e.jpg,C:\cts\Efficientnet\Leafcare-model\data\test\tomato___tomato_yellowleaf_curl_virus\21635027ecf5817e.jpg,34990
232,test,tomato___yellow_leaf_curl_virus,tomato___tomato_yellowleaf_curl_virus,5031506675de8a17.jpg,C:\cts\Efficientnet\Leafcare-model\data\test\tomato___yellow_leaf_curl_virus\5031506675de8a17.jpg,C:\cts\Efficientnet\Leafcare-model\data\test\tomato___tomato_yellowleaf_curl_virus\5031506675de8a17.jpg,28561
233,test,tomato___yellow_leaf_curl_virus,tomato___tomato_yellowleaf_curl_virus,800d42ae660fcc06.jpg,C:\cts\Efficientnet\Leafcare-model\data\test\tomato___yellow_leaf_curl_virus\800d42ae660fcc06.jpg,C:\cts\Efficientnet\Leafcare-model\data\test\tomato___tomato_yellowleaf_curl_virus\800d42ae660fcc06.jpg,34100
234,test,tomato___yellow_leaf_curl_virus,tomato___tomato_yellowleaf_curl_virus,a309e4a753862125.jpg,C:\cts\Efficientnet\Leafcare-model\data\test\tomato___yellow_leaf_curl_virus\a309e4a753862125.jpg,C:\cts\Efficientnet\Leafcare-model\data\test\tomato___tomato_yellowleaf_curl_virus\a309e4a753862125.jpg,36990
235,test,tomato___yellow_leaf_curl_virus,tomato___tomato_yellowleaf_curl_virus,a74c56673f2cd8dd.jpg,C:\cts\Efficientnet\Leafcare-model\data\test\tomato___yellow_leaf_curl_virus\a74c56673f2cd8dd.jpg,C:\cts\Efficientnet\Leafcare-model\data\test\tomato___tomato_yellowleaf_curl_virus\a74c56673f2cd8dd.jpg,42098
236,test,tomato___yellow_leaf_curl_virus,tomato___tomato_yellowleaf_curl_virus,ada75e9a97ea8819.jpg,C:\cts\Efficientnet\Leafcare-model\data\test\tomato___yellow_leaf_curl_virus\ada75e9a97ea8819.jpg,C:\cts\Efficientnet\Leafcare-model\data\test\tomato___tomato_yellowleaf_curl_virus\ada75e9a97ea8819.jpg,31850
237,test,tomato___yellow_leaf_curl_virus,tomato___tomato_yellowleaf_curl_virus,bf2128898f65fae7.jpg,C:\cts\Efficientnet\Leafcare-model\data\test\tomato___yellow_leaf_curl_virus\bf2128898f65fae7.jpg,C:\cts\Efficientnet\Leafcare-model\data\test\tomato___tomato_yellowleaf_curl_virus\bf2128898f65fae7.jpg,21741
238,test,tomato___yellow_leaf_curl_virus,tomato___tomato_yellowleaf_curl_virus,db1c00261a530bb2.jpg,C:\cts\Efficientnet\Leafcare-model\data\test\tomato___yellow_leaf_curl_virus\db1c00261a530bb2.jpg,C:\cts\Efficientnet\Leafcare-model\data\test\tomato___tomato_yellowleaf_curl_virus\db1c00261a530bb2.jpg,30357
239,test,tomato___yellow_leaf_curl_virus,tomato___tomato_yellowleaf_curl_virus,ef3affae53c04748.jpg,C:\cts\Efficientnet\Leafcare-model\data\test\tomato___yellow_leaf_curl_virus\ef3affae53c04748.jpg,C:\cts\Efficientnet\Leafcare-model\data\test\tomato___tomato_yellowleaf_curl_virus\ef3affae53c04748.jpg,24009
240,test,tomato___yellow_leaf_curl_virus,tomato___tomato_yellowleaf_curl_virus,f7d593e89d69ba91.jpg,C:\cts\Efficientnet\Leafcare-model\data\test\tomato___yellow_leaf_curl_virus\f7d593e89d69ba91.jpg,C:\cts\Efficientnet\Leafcare-model\data\test\tomato___tomato_yellowleaf_curl_virus\f7d593e89d69ba91.jpg,26069
241,train,bell_pepper_bacterial_spot,pepper_bell___bacterial_spot,0dbe07674eb55fd9.jpg,C:\cts\Efficientnet\Leafcare-model\data\train\bell_pepper_bacterial_spot\0dbe07674eb55fd9.jpg,C:\cts\Efficientnet\Leafcare-model\data\train\pepper_bell___bacterial_spot\0dbe07674eb55fd9.jpg,26803
242,train,bell_pepper_bacterial_spot,pepper_bell___bacterial_spot,1176a99f4dee0dca.jpg,C:\cts\Efficientnet\Leafcare-model\data\train\bell_pepper_bacterial_spot\1176a99f4dee0dca.jpg,C:\cts\Efficientnet\Leafcare-model\data\train\pepper_bell___bacterial_spot\1176a99f4dee0dca.jpg,25073
243,train,bell_pepper_bacterial_spot,pepper_bell___bacterial_spot,1a2ab77045afced9.jpg,C:\cts\Efficientnet\Leafcare-model\data\train\bell_pepper_bacterial_spot\1a2ab77045afced9.jpg,C:\cts\Efficientnet\Leafcare-model\data\train\pepper_bell___bacterial_spot\1a2ab77045afced9.jpg,22335
244,train,bell_pepper_bacterial_spot,pepper_bell___bacterial_spot,1a6928f266e8e117.jpg,C:\cts\Efficientnet\Leafcare-model\data\train\bell_pepper_bacterial_spot\1a6928f266e8e117.jpg,C:\cts\Efficientnet\Leafcare-model\data\train\pepper_bell___bacterial_spot\1a6928f266e8e117.jpg,22940
245,train,bell_pepper_bacterial_spot,pepper_bell___bacterial_spot,20086d63443976a4.jpg,C:\cts\Efficientnet\Leafcare-model\data\train\bell_pepper_bacterial_spot\20086d63443976a4.jpg,C:\cts\Efficientnet\Leafcare-model\data\train\pepper_bell___bacterial_spot\20086d63443976a4.jpg,29958
246,train,bell_pepper_bacterial_spot,pepper_bell___bacterial_spot,23a62bed5bc5f65f.jpg,C:\cts\Efficientnet\Leafcare-model\data\train\bell_pepper_bacterial_spot\23a62bed5bc5f65f.jpg,C:\cts\Efficientnet\Leafcare-model\data\train\pepper_bell___bacterial_spot\23a62bed5bc5f65f.jpg,22336
247,train,bell_pepper_bacterial_spot,pepper_bell___bacterial_spot,26ebd48147b397f0.jpg,C:\cts\Efficientnet\Leafcare-model\data\train\bell_pepper_bacterial_spot\26ebd48147b397f0.jpg,C:\cts\Efficientnet\Leafcare-model\data\train\pepper_bell___bacterial_spot\26ebd48147b397f0.jpg,34601
248,train,bell_pepper_bacterial_spot,pepper_bell___bacterial_spot,29ac3e458ba522e9.jpg,C:\cts\Efficientnet\Leafcare-model\data\train\bell_pepper_bacterial_spot\29ac3e458ba522e9.jpg,C:\cts\Efficientnet\Leafcare-model\data\train\pepper_bell___bacterial_spot\29ac3e458ba522e9.jpg,30579
249,train,bell_pepper_bacterial_spot,pepper_bell___bacterial_spot,3674c28d07f839ab.jpg,C:\cts\Efficientnet\Leafcare-model\data\train\bell_pepper_bacterial_spot\3674c28d07f839ab.jpg,C:\cts\Efficientnet\Leafcare-model\data\train\pepper_bell___bacterial_spot\3674c28d07f839ab.jpg,28279
250,train,bell_pepper_bacterial_spot,pepper_bell___bacterial_spot,392835f6d252dbff.jpg,C:\cts\Efficientnet\Leafcare-model\data\train\bell_pepper_bacterial_spot\392835f6d252dbff.jpg,C:\cts\Efficientnet\Leafcare-model\data\train\pepper_bell___bacterial_spot\392835f6d252dbff.jpg,35851
251,train,bell_pepper_bacterial_spot,pepper_bell___bacterial_spot,3b275983b8a3be12.jpg,C:\cts\Efficientnet\Leafcare-model\data\train\bell_pepper_bacterial_spot\3b275983b8a3be12.jpg,C:\cts\Efficientnet\Leafcare-model\data\train\pepper_bell___bacterial_spot\3b275983b8a3be12.jpg,17715
252,train,bell_pepper_bacterial_spot,pepper_bell___bacterial_spot,479ea1c5289dc03a.jpg,C:\cts\Efficientnet\Leafcare-model\data\train\bell_pepper_bacterial_spot\479ea1c5289dc03a.jpg,C:\cts\Efficientnet\Leafcare-model\data\train\pepper_bell___bacterial_spot\479ea1c5289dc03a.jpg,24448
253,train,bell_pepper_bacterial_spot,pepper_bell___bacterial_spot,4ab860aac091b6ca.jpg,C:\cts\Efficientnet\Leafcare-model\data\train\bell_pepper_bacterial_spot\4ab860aac091b6ca.jpg,C:\cts\Efficientnet\Leafcare-model\data\train\pepper_bell___bacterial_spot\4ab860aac091b6ca.jpg,24909
254,train,bell_pepper_bacterial_spot,pepper_bell___bacterial_spot,522a6b5e0ec76864.jpg,C:\cts\Efficientnet\Leafcare-model\data\train\bell_pepper_bacterial_spot\522a6b5e0ec76864.jpg,C:\cts\Efficientnet\Leafcare-model\data\train\pepper_bell___bacterial_spot\522a6b5e0ec76864.jpg,14911
255,train,bell_pepper_bacterial_spot,pepper_bell___bacterial_spot,6019e000c3faec2d.jpg,C:\cts\Efficientnet\Leafcare-model\data\train\bell_pepper_bacterial_spot\6019e000c3faec2d.jpg,C:\cts\Efficientnet\Leafcare-model\data\train\pepper_bell___bacterial_spot\6019e000c3faec2d.jpg,26499
256,train,bell_pepper_bacterial_spot,pepper_bell___bacterial_spot,70c5bdb1b236b2fc.jpg,C:\cts\Efficientnet\Leafcare-model\data\train\bell_pepper_bacterial_spot\70c5bdb1b236b2fc.jpg,C:\cts\Efficientnet\Leafcare-model\data\train\pepper_bell___bacterial_spot\70c5bdb1b236b2fc.jpg,25815
257,train,bell_pepper_bacterial_spot,pepper_bell___bacterial_spot,74a5b6a4985b7c80.jpg,C:\cts\Efficientnet\Leafcare-model\data\train\bell_pepper_bacterial_spot\74a5b6a4985b7c80.jpg,C:\cts\Efficientnet\Leafcare-model\data\train\pepper_bell___bacterial_spot\74a5b6a4985b7c80.jpg,23356
258,train,bell_pepper_bacterial_spot,pepper_bell___bacterial_spot,797b7642c0db52d2.jpg,C:\cts\Efficientnet\Leafcare-model\data\train\bell_pepper_bacterial_spot\797b7642c0db52d2.jpg,C:\cts\Efficientnet\Leafcare-model\data\train\pepper_bell___bacterial_spot\797b7642c0db52d2.jpg,16039
259,train,bell_pepper_bacterial_spot,pepper_bell___bacterial_spot,809b21281fe6d7f0.jpg,C:\cts\Efficientnet\Leafcare-model\data\train\bell_pepper_bacterial_spot\809b21281fe6d7f0.jpg,C:\cts\Efficientnet\Leafcare-model\data\train\pepper_bell___bacterial_spot\809b21281fe6d7f0.jpg,14801
260,train,bell_pepper_bacterial_spot,pepper_bell___bacterial_spot,82426cb6d4907774.jpg,C:\cts\Efficientnet\Leafcare-model\data\train\bell_pepper_bacterial_spot\82426cb6d4907774.jpg,C:\cts\Efficientnet\Leafcare-model\data\train\pepper_bell___bacterial_spot\82426cb6d4907774.jpg,23766
261,train,bell_pepper_bacterial_spot,pepper_bell___bacterial_spot,82a55dc3d8c6de65.jpg,C:\cts\Efficientnet\Leafcare-model\data\train\bell_pepper_bacterial_spot\82a55dc3d8c6de65.jpg,C:\cts\Efficientnet\Leafcare-model\data\train\pepper_bell___bacterial_spot\82a55dc3d8c6de65.jpg,16354
262,train,bell_pepper_bacterial_spot,pepper_bell___bacterial_spot,845498348d86083d.jpg,C:\cts\Efficientnet\Leafcare-model\data\train\bell_pepper_bacterial_spot\845498348d86083d.jpg,C:\cts\Efficientnet\Leafcare-model\data\train\pepper_bell___bacterial_spot\845498348d86083d.jpg,28380
263,train,bell_pepper_bacterial_spot,pepper_bell___bacterial_spot,8a6378da163d138a.jpg,C:\cts\Efficientnet\Leafcare-model\data\train\bell_pepper_bacterial_spot\8a6378da163d138a.jpg,C:\cts\Efficientnet\Leafcare-model\data\train\pepper_bell___bacterial_spot\8a6378da163d138a.jpg,26885
264,train,bell_pepper_bacterial_spot,pepper_bell___bacterial_spot,9340eef66aed17df.jpg,C:\cts\Efficientnet\Leafcare-model\data\train\bell_pepper_bacterial_spot\9340eef66aed17df.jpg,C:\cts\Efficientnet\Leafcare-model\data\train\pepper_bell___bacterial_spot\9340eef66aed17df.jpg,22006
265,train,bell_pepper_bacterial_spot,pepper_bell___bacterial_spot,b0d6efb9aca5285a.jpg,C:\cts\Efficientnet\Leafcare-model\data\train\bell_pepper_bacterial_spot\b0d6efb9aca5285a.jpg,C:\cts\Efficientnet\Leafcare-model\data\train\pepper_bell___bacterial_spot\b0d6efb9aca5285a.jpg,25923
266,train,bell_pepper_bacterial_spot,pepper_bell___bacterial_spot,b71bb27355af123a.jpg,C:\cts\Efficientnet\Leafcare-model\data\train\bell_pepper_bacterial_spot\b71bb27355af123a.jpg,C:\cts\Efficientnet\Leafcare-model\data\train\pepper_bell___bacterial_spot\b71bb27355af123a.jpg,24419
267,train,bell_pepper_bacterial_spot,pepper_bell___bacterial_spot,b77560850185d189.jpg,C:\cts\Efficientnet\Leafcare-model\data\train\bell_pepper_bacterial_spot\b77560850185d189.jpg,C:\cts\Efficientnet\Leafcare-model\data\train\pepper_bell___bacterial_spot\b77560850185d189.jpg,25773
268,train,bell_pepper_bacterial_spot,pepper_bell___bacterial_spot,bbbc97aede70887c.jpg,C:\cts\Efficientnet\Leafcare-model\data\train\bell_pepper_bacterial_spot\bbbc97aede70887c.jpg,C:\cts\Efficientnet\Leafcare-model\data\train\pepper_bell___bacterial_spot\bbbc97aede70887c.jpg,27850
269,train,bell_pepper_bacterial_spot,pepper_bell___bacterial_spot,bc6c45881dc6f796.jpg,C:\cts\Efficientnet\Leafcare-model\data\train\bell_pepper_bacterial_spot\bc6c45881dc6f796.jpg,C:\cts\Efficientnet\Leafcare-model\data\train\pepper_bell___bacterial_spot\bc6c45881dc6f796.jpg,24053
270,train,bell_pepper_bacterial_spot,pepper_bell___bacterial_spot,cab8f0fc42f2aa15.jpg,C:\cts\Efficientnet\Leafcare-model\data\train\bell_pepper_bacterial_spot\cab8f0fc42f2aa15.jpg,C:\cts\Efficientnet\Leafcare-model\data\train\pepper_bell___bacterial_spot\cab8f0fc42f2aa15.jpg,26498
271,train,bell_pepper_bacterial_spot,pepper_bell___bacterial_spot,d57eccdc1bd1af47.jpg,C:\cts\Efficientnet\Leafcare-model\data\train\bell_pepper_bacterial_spot\d57eccdc1bd1af47.jpg,C:\cts\Efficientnet\Leafcare-model\data\train\pepper_bell___bacterial_spot\d57eccdc1bd1af47.jpg,35385
272,train,bell_pepper_bacterial_spot,pepper_bell___bacterial_spot,d8bebb82fe1cffc7.jpg,C:\cts\Efficientnet\Leafcare-model\data\train\bell_pepper_bacterial_spot\d8bebb82fe1cffc7.jpg,C:\cts\Efficientnet\Leafcare-model\data\train\pepper_bell___bacterial_spot\d8bebb82fe1cffc7.jpg,20231
273,train,bell_pepper_bacterial_spot,pepper_bell___bacterial_spot,dada291165a63b58.jpg,C:\cts\Efficientnet\Leafcare-model\data\train\bell_pepper_bacterial_spot\dada291165a63b58.jpg,C:\cts\Efficientnet\Leafcare-model\data\train\pepper_bell___bacterial_spot\dada291165a63b58.jpg,25782
274,train,bell_pepper_bacterial_spot,pepper_bell___bacterial_spot,dda5f5052c464684.jpg,C:\cts\Efficientnet\Leafcare-model\data\train\bell_pepper_bacterial_spot\dda5f5052c464684.jpg,C:\cts\Efficientnet\Leafcare-model\data\train\pepper_bell___bacterial_spot\dda5f5052c464684.jpg,26171
275,train,bell_pepper_bacterial_spot,pepper_bell___bacterial_spot,ecc7d4d3ec6a2ca0.jpg,C:\cts\Efficientnet\Leafcare-model\data\train\bell_pepper_bacterial_spot\ecc7d4d3ec6a2ca0.jpg,C:\cts\Efficientnet\Leafcare-model\data\train\pepper_bell___bacterial_spot\ecc7d4d3ec6a2ca0.jpg,39838
276,train,bell_pepper_bacterial_spot,pepper_bell___bacterial_spot,ed9751f701541b0d.jpg,C:\cts\Efficientnet\Leafcare-model\data\train\bell_pepper_bacterial_spot\ed9751f701541b0d.jpg,C:\cts\Efficientnet\Leafcare-model\data\train\pepper_bell___bacterial_spot\ed9751f701541b0d.jpg,19877
277,train,bell_pepper_bacterial_spot,pepper_bell___bacterial_spot,f0f648ea2f9dea75.jpg,C:\cts\Efficientnet\Leafcare-model\data\train\bell_pepper_bacterial_spot\f0f648ea2f9dea75.jpg,C:\cts\Efficientnet\Leafcare-model\data\train\pepper_bell___bacterial_spot\f0f648ea2f9dea75.jpg,29370
278,train,bell_pepper_bacterial_spot,pepper_bell___bacterial_spot,f1a5ca62cf12a652.jpg,C:\cts\Efficientnet\Leafcare-model\data\train\bell_pepper_bacterial_spot\f1a5ca62cf12a652.jpg,C:\cts\Efficientnet\Leafcare-model\data\train\pepper_bell___bacterial_spot\f1a5ca62cf12a652.jpg,27716
279,train,bell_pepper_bacterial_spot,pepper_bell___bacterial_spot,f1b3552bbcac4145.jpg,C:\cts\Efficientnet\Leafcare-model\data\train\bell_pepper_bacterial_spot\f1b3552bbcac4145.jpg,C:\cts\Efficientnet\Leafcare-model\data\train\pepper_bell___bacterial_spot\f1b3552bbcac4145.jpg,30417
280,train,bell_pepper_bacterial_spot,pepper_bell___bacterial_spot,f26095a335cdc473.jpg,C:\cts\Efficientnet\Leafcare-model\data\train\bell_pepper_bacterial_spot\f26095a335cdc473.jpg,C:\cts\Efficientnet\Leafcare-model\data\train\pepper_bell___bacterial_spot\f26095a335cdc473.jpg,30333
281,train,bell_pepper_bacterial_spot,pepper_bell___bacterial_spot,f689289862fd99f6.jpg,C:\cts\Efficientnet\Leafcare-model\data\train\bell_pepper_bacterial_spot\f689289862fd99f6.jpg,C:\cts\Efficientnet\Leafcare-model\data\train\pepper_bell___bacterial_spot\f689289862fd99f6.jpg,18177
282,val,bell_pepper_bacterial_spot,pepper_bell___bacterial_spot,64d0c4711531a5cf.jpg,C:\cts\Efficientnet\Leafcare-model\data\val\bell_pepper_bacterial_spot\64d0c4711531a5cf.jpg,C:\cts\Efficientnet\Leafcare-model\data\val\pepper_bell___bacterial_spot\64d0c4711531a5cf.jpg,28958
283,val,bell_pepper_bacterial_spot,pepper_bell___bacterial_spot,6616ed5634ed096c.jpg,C:\cts\Efficientnet\Leafcare-model\data\val\bell_pepper_bacterial_spot\6616ed5634ed096c.jpg,C:\cts\Efficientnet\Leafcare-model\data\val\pepper_bell___bacterial_spot\6616ed5634ed096c.jpg,21517
284,val,bell_pepper_bacterial_spot,pepper_bell___bacterial_spot,6dc61681edf8b45b.jpg,C:\cts\Efficientnet\Leafcare-model\data\val\bell_pepper_bacterial_spot\6dc61681edf8b45b.jpg,C:\cts\Efficientnet\Leafcare-model\data\val\pepper_bell___bacterial_spot\6dc61681edf8b45b.jpg,28562
285,val,bell_pepper_bacterial_spot,pepper_bell___bacterial_spot,7820cbc37c627de9.jpg,C:\cts\Efficientnet\Leafcare-model\data\val\bell_pepper_bacterial_spot\7820cbc37c627de9.jpg,C:\cts\Efficientnet\Leafcare-model\data\val\pepper_bell___bacterial_spot\7820cbc37c627de9.jpg,27542
286,val,bell_pepper_bacterial_spot,pepper_bell___bacterial_spot,bdf196f4cb349f34.jpg,C:\cts\Efficientnet\Leafcare-model\data\val\bell_pepper_bacterial_spot\bdf196f4cb349f34.jpg,C:\cts\Efficientnet\Leafcare-model\data\val\pepper_bell___bacterial_spot\bdf196f4cb349f34.jpg,25876
287,val,bell_pepper_bacterial_spot,pepper_bell___bacterial_spot,c363c6f753f0fbe0.jpg,C:\cts\Efficientnet\Leafcare-model\data\val\bell_pepper_bacterial_spot\c363c6f753f0fbe0.jpg,C:\cts\Efficientnet\Leafcare-model\data\val\pepper_bell___bacterial_spot\c363c6f753f0fbe0.jpg,28198
288,val,bell_pepper_bacterial_spot,pepper_bell___bacterial_spot,cba783140e03532f.jpg,C:\cts\Efficientnet\Leafcare-model\data\val\bell_pepper_bacterial_spot\cba783140e03532f.jpg,C:\cts\Efficientnet\Leafcare-model\data\val\pepper_bell___bacterial_spot\cba783140e03532f.jpg,30548
289,val,bell_pepper_bacterial_spot,pepper_bell___bacterial_spot,edc87c84ca1f6310.jpg,C:\cts\Efficientnet\Leafcare-model\data\val\bell_pepper_bacterial_spot\edc87c84ca1f6310.jpg,C:\cts\Efficientnet\Leafcare-model\data\val\pepper_bell___bacterial_spot\edc87c84ca1f6310.jpg,31001
290,val,bell_pepper_bacterial_spot,pepper_bell___bacterial_spot,ff3f146922813343.jpg,C:\cts\Efficientnet\Leafcare-model\data\val\bell_pepper_bacterial_spot\ff3f146922813343.jpg,C:\cts\Efficientnet\Leafcare-model\data\val\pepper_bell___bacterial_spot\ff3f146922813343.jpg,29623
291,test,bell_pepper_bacterial_spot,pepper_bell___bacterial_spot,067f69094b392b5a.jpg,C:\cts\Efficientnet\Leafcare-model\data\test\bell_pepper_bacterial_spot\067f69094b392b5a.jpg,C:\cts\Efficientnet\Leafcare-model\data\test\pepper_bell___bacterial_spot\067f69094b392b5a.jpg,24448
292,test,bell_pepper_bacterial_spot,pepper_bell___bacterial_spot,3238749a04425b59.jpg,C:\cts\Efficientnet\Leafcare-model\data\test\bell_pepper_bacterial_spot\3238749a04425b59.jpg,C:\cts\Efficientnet\Leafcare-model\data\test\pepper_bell___bacterial_spot\3238749a04425b59.jpg,31068
293,test,bell_pepper_bacterial_spot,pepper_bell___bacterial_spot,6247f1a24c153587.jpg,C:\cts\Efficientnet\Leafcare-model\data\test\bell_pepper_bacterial_spot\6247f1a24c153587.jpg,C:\cts\Efficientnet\Leafcare-model\data\test\pepper_bell___bacterial_spot\6247f1a24c153587.jpg,23017
294,test,bell_pepper_bacterial_spot,pepper_bell___bacterial_spot,6f22277c53c03634.jpg,C:\cts\Efficientnet\Leafcare-model\data\test\bell_pepper_bacterial_spot\6f22277c53c03634.jpg,C:\cts\Efficientnet\Leafcare-model\data\test\pepper_bell___bacterial_spot\6f22277c53c03634.jpg,27794
295,test,bell_pepper_bacterial_spot,pepper_bell___bacterial_spot,9448b6d8f0f8c633.jpg,C:\cts\Efficientnet\Leafcare-model\data\test\bell_pepper_bacterial_spot\9448b6d8f0f8c633.jpg,C:\cts\Efficientnet\Leafcare-model\data\test\pepper_bell___bacterial_spot\9448b6d8f0f8c633.jpg,22552
296,test,bell_pepper_bacterial_spot,pepper_bell___bacterial_spot,a2a21debe0b110f2.jpg,C:\cts\Efficientnet\Leafcare-model\data\test\bell_pepper_bacterial_spot\a2a21debe0b110f2.jpg,C:\cts\Efficientnet\Leafcare-model\data\test\pepper_bell___bacterial_spot\a2a21debe0b110f2.jpg,21510
297,test,bell_pepper_bacterial_spot,pepper_bell___bacterial_spot,a518d71d21613a1b.jpg,C:\cts\Efficientnet\Leafcare-model\data\test\bell_pepper_bacterial_spot\a518d71d21613a1b.jpg,C:\cts\Efficientnet\Leafcare-model\data\test\pepper_bell___bacterial_spot\a518d71d21613a1b.jpg,35390
298,test,bell_pepper_bacterial_spot,pepper_bell___bacterial_spot,a639d3a22d02a852.jpg,C:\cts\Efficientnet\Leafcare-model\data\test\bell_pepper_bacterial_spot\a639d3a22d02a852.jpg,C:\cts\Efficientnet\Leafcare-model\data\test\pepper_bell___bacterial_spot\a639d3a22d02a852.jpg,34253
299,test,bell_pepper_bacterial_spot,pepper_bell___bacterial_spot,ce2d22d048e5f578.jpg,C:\cts\Efficientnet\Leafcare-model\data\test\bell_pepper_bacterial_spot\ce2d22d048e5f578.jpg,C:\cts\Efficientnet\Leafcare-model\data\test\pepper_bell___bacterial_spot\ce2d22d048e5f578.jpg,20316
